ad_id,user_id,title,price,description,car_id,date_posted
1,324,Negotiable Ban Interior Service Jarang Tahun Baru,645000000,Iure reiciendis excepturi provident. Dolor unde facere ipsa non nulla minus inventore.,64,2022-10-15 12:50:44
2,1,Tahun Service Dp Bekas Tangan,975000000,Asperiores cupiditate voluptatum nesciunt. Nisi facere ducimus pariatur quam et. Recusandae assumenda deserunt quis dignissimos numquam voluptatibus.,141,2023-04-04 19:29:47
3,315,Bukan rental Interior Mulus Jarak Pajak,154000000,Ipsum nemo quis. In fugit animi suscipit voluptatem illum. Minima hic aperiam eligendi eos.,102,2023-04-26 22:31:05
4,127,Oli Kilometer Service Dp Dokumen Bukan rental Asli Ban Cat Pribadi,127000000,Repellat cumque ipsa saepe iste illum fugit. Quos aliquid cupiditate eligendi qui molestiae.,5,2023-03-14 13:28:41
5,231,Jarak Cat Mesin Terjamin Berkualitas Jarang Kendaraan Terawat Nego Tahun,225000000,Saepe dicta accusantium dolores omnis minima. Quidem harum doloribus in.,185,2023-04-26 08:46:04
6,28,Kendaraan Mobil Pemakaian Terawat Cash Full,220000000,Reprehenderit ea vitae. Atque ducimus nisi asperiores. Necessitatibus impedit voluptate voluptatem.,65,2022-11-01 14:18:56
7,154,Terjamin Ban Warna Surat Bukan rental,265000000,Voluptatum incidunt doloribus officia odit ipsum. Consectetur quam nisi voluptates natus. Suscipit asperiores reprehenderit.,58,2023-06-18 12:01:35
8,100,Original Tangan Terawat Pajak Eksterior Mesin Jual Nopol Warna Stnk,260000000,Natus unde at dolorum enim quo. Minima voluptatibus vero doloremque eius. Perferendis illo cupiditate et corporis reprehenderit voluptate.,124,2023-07-08 08:30:36
9,251,Ban Nopol Pribadi Negotiable Mesin Warna Mulus,365000000,Maiores eius incidunt explicabo neque eum beatae. Eaque doloremque ipsam natus reiciendis explicabo.,53,2023-05-28 19:24:02
10,232,Km Berkualitas Jarak Jual Kondisi Surat Interior Jarang,242000000,Modi dolorem nesciunt aspernatur excepturi. Ratione a laboriosam.,176,2022-10-13 07:54:21
11,183,Harga Jual Dp Oli Mesin Mobil,2550000000,Fuga velit accusamus dolor voluptatum. Repellat laboriosam doloremque ab veritatis. Modi quaerat non veritatis velit culpa.,29,2022-11-08 11:53:33
12,291,Stnk Terawat Kilometer Surat Tangan Pajak Ban Negotiable,825000000,Assumenda impedit placeat non accusamus in itaque. Nobis rerum aliquid quis atque.,155,2023-02-14 19:05:09
13,204,Langsung Km Tahun Pemakaian Tangan Terawat Service,110000000,Quidem quod delectus rerum maxime sequi sint. Totam aliquam temporibus ullam reiciendis pariatur quam eligendi. Excepturi natus sapiente.,45,2023-06-17 01:38:26
14,64,Km Stnk Pakai Terjamin Dp Cicilan Cash,220000000,Perferendis corporis dolorem architecto aliquid iste. Consequatur quae modi tenetur. Aliquam nisi harum doloribus placeat.,152,2023-03-13 21:48:22
15,293,Jarang Siap Eksterior Harga Tangan,167000000,Praesentium assumenda voluptates suscipit totam suscipit odio. Ea accusantium officia. Voluptatum veniam accusantium nesciunt atque. At laborum eos consectetur.,11,2023-01-20 23:55:07
16,56,Jual Terawat Pemakaian Murah Terjamin Mesin Langsung Pajak Kondisi,4000000000,Reprehenderit est veritatis neque asperiores quis. Hic nobis sit vel deleniti quisquam perspiciatis. Quisquam enim blanditiis ratione.,15,2023-01-14 19:53:28
17,79,Harga Cat Warna Km Kilometer Jarak,253000000,Ipsum eveniet perferendis occaecati. Delectus quis qui vero nulla quidem.,128,2023-04-14 10:49:42
18,295,Asli Surat Ban Dokumen Original Jarak Nopol,110000000,Animi quibusdam vitae nam aliquam laboriosam dolorem. Expedita atque asperiores eligendi molestias laborum. Doloremque nesciunt error aliquam mollitia.,124,2022-10-05 14:06:11
19,134,Nego Cash Km Murah Warna Asli Pribadi,230000000,Libero magnam fuga debitis commodi. Autem numquam ad nam facere at non. Consequatur saepe quis maiores nulla.,12,2023-03-26 23:36:30
20,64,Dp Ban Tahun Cicilan Warna Nopol Cat Jarak Mobil Eksterior,1950000000,Ea dicta omnis totam. Facilis quos labore impedit voluptates libero quaerat.,136,2023-04-17 08:10:55
21,136,Pakai Velg Nopol Mulus Asli Mesin Negotiable,155000000,Odio corrupti blanditiis maiores rem. Ipsum nulla consequuntur perferendis est illo minus at. Minima iusto quasi nisi.,110,2023-07-04 21:58:57
22,384,Jual Stnk Baru Warna Berkualitas Interior Cicilan,230000000,Fugit non in dolor vero praesentium distinctio minima. Inventore illum doloribus iusto sunt soluta repellat.,127,2023-05-17 16:17:46
23,61,Cash Velg Baru Mulus Warna Full,445000000,Accusamus voluptates doloremque aliquam pariatur eligendi. Ab quod quae quasi iusto.,47,2023-03-27 18:01:12
24,6,Jarang Jarak Kendaraan Cicilan Bekas Kredit Velg Baru Pajak Dokumen,5800000000,Quam esse architecto perspiciatis accusamus quia. Recusandae possimus vitae ea.,15,2023-03-02 10:19:13
25,95,Pemakaian Jarak Nego Eksterior Kredit Interior,125000000,Inventore architecto similique laboriosam sint accusantium dolores repellat. Ullam ea et asperiores a cumque quo. Iusto inventore totam culpa repellat. Iure illum velit sapiente.,95,2023-04-30 10:32:16
26,98,Stnk Pribadi Jual Oli Ban Bukan rental Interior Dp Km,600000000,Sed minus nobis illo. Modi repellendus praesentium.,80,2022-10-24 05:16:00
27,29,Dokumen Terawat Service Warna Kilometer Asli Original Stnk,139000000,Reprehenderit possimus fugit quo sequi ullam natus quos. Iure similique possimus recusandae placeat.,49,2022-11-21 16:47:02
28,198,Harga Service Original Pakai Asli Terawat Interior Ban Surat,185000000,Repellendus dolorem aliquid porro. Quaerat distinctio aliquid maiores quaerat dolores. Neque doloribus reiciendis nulla.,119,2022-10-20 20:57:24
29,105,Terjamin Cash Kendaraan Mobil Cat,1700000000,Qui aliquid eius iusto optio. Corrupti saepe officiis.,136,2023-04-11 02:57:21
30,66,Mulus Terjamin Oli Kredit Pribadi Terawat Tangan Mesin Tahun,190000000,Laborum earum accusantium non molestias quae quod. Explicabo accusantium magni voluptates. Ab unde nobis distinctio impedit similique. Reprehenderit atque adipisci itaque minima dolorum facere.,86,2023-06-03 05:37:35
31,103,Cat Jarang Pakai Interior Baru Kilometer,1745000000,Quia velit doloribus odit. Consectetur mollitia reiciendis porro.,106,2023-04-02 11:32:55
32,90,Bekas Baru Pajak Service Original Ban,450000000,Voluptatum aperiam itaque reprehenderit est culpa. Dolor repellendus dignissimos.,195,2023-05-06 18:18:51
33,248,Full Bukan rental Jarak Interior Cat Bekas Jual Kredit Eksterior,200000000,Asperiores assumenda laudantium ipsa ea hic. Nisi aliquid quia.,165,2023-04-19 06:12:07
34,173,Terjamin Negotiable Jual Oli Stnk Dp Siap,180000000,A iusto sed nemo expedita. Officiis ipsa consequuntur adipisci pariatur quasi. Numquam voluptates laborum fugit cumque eum modi. Libero nesciunt rem perspiciatis similique mollitia in nostrum.,100,2022-12-01 07:36:35
35,249,Bukan rental Jual Warna Mulus Kondisi Harga,215000000,Eius sit expedita fugiat animi fugiat. Distinctio eius molestias.,177,2022-12-24 14:08:34
36,299,Pakai Bukan rental Baru Mulus Kondisi Kilometer Murah Ban Nego,225000000,Sint quam sed iure. At officiis repellat nam dolor quaerat laudantium. Nam sequi aliquid tenetur sunt dolorum deserunt.,67,2023-05-21 05:35:30
37,230,Terawat Mesin Negotiable Harga Cash Baru Km Berkualitas Warna,375000000,Corrupti ducimus velit a rerum nostrum dolorem.,181,2023-06-17 02:43:20
38,238,Terjamin Full Pribadi Mesin Interior Langsung Nopol,147500000,Sequi voluptate molestiae perferendis laudantium dignissimos facere omnis. Quo error dolorem neque voluptates. Exercitationem nisi repudiandae amet aut iure.,45,2023-02-13 16:58:27
39,343,Km Jarang Eksterior Bekas Harga Interior Cash Jual Pajak,899000000,Facilis rem molestiae similique. Hic distinctio aperiam laborum quis pariatur. Quas nemo aut ipsa saepe unde magni.,97,2023-04-14 22:50:46
40,379,Terjamin Ban Nopol Mesin Jarak Langsung Tangan Jual Surat,775000000,Ipsam debitis molestias at facilis maiores alias. Quisquam voluptatum deserunt ducimus expedita accusamus modi. Aliquam aliquid doloribus sequi esse.,90,2023-01-23 11:55:30
41,272,Interior Tahun Negotiable Surat Mulus Pemakaian Eksterior Bekas,625000,Minima quibusdam nobis sed. Ipsam dolor corporis excepturi. Maiores excepturi quis molestiae. Sit recusandae cum.,99,2023-01-02 20:48:03
42,325,Km Kondisi Bekas Pakai Eksterior,110000000,Doloribus architecto alias aliquam reprehenderit necessitatibus nobis. Temporibus illum modi illo.,148,2022-11-13 09:27:46
43,21,Pakai Pajak Bekas Cat Warna Bukan rental Surat Terjamin Siap,254000000,Est omnis sint perferendis iste. Labore dolores quidem ab. Deserunt ipsa facere quo provident.,85,2023-05-30 15:39:31
44,121,Oli Cat Baru Mobil Harga,167000000,Pariatur eligendi quo quo incidunt. Veniam dolore architecto explicabo fuga autem excepturi rem.,83,2022-08-11 10:25:12
45,100,Pajak Siap Mesin Cat Warna,245000000,Porro esse facilis mollitia. Rerum exercitationem reprehenderit libero ex. Quidem sed necessitatibus repellendus itaque corrupti.,35,2023-03-03 17:54:59
46,330,Negotiable Berkualitas Bukan rental Interior Pakai Harga,125000000,Explicabo nulla molestiae labore quae. Et repellat asperiores cupiditate laboriosam vitae quos.,182,2023-06-15 09:02:05
47,114,Terjamin Murah Jarak Kondisi Nego Cash Siap Jarang Warna Asli,110000000,Magnam in voluptatem neque. Enim ratione fuga ab aliquid nostrum tempora officiis.,192,2023-01-18 20:57:39
48,394,Negotiable Original Cat Murah Warna Tangan,215000000,Recusandae in repellendus. Eum amet nisi ex deleniti necessitatibus laboriosam. Dicta explicabo incidunt pariatur voluptatem corrupti.,36,2023-03-15 05:40:56
49,48,Dokumen Mobil Oli Asli Cat,110000000,Dolor expedita eius tenetur quas qui explicabo. Quae optio non ipsum eum officiis. Labore dolores harum nisi ut mollitia ab.,143,2023-01-04 09:47:11
50,55,Nopol Negotiable Pribadi Pakai Harga,325000000,Quibusdam maxime minus. Temporibus itaque architecto voluptate. Iste pariatur incidunt exercitationem nesciunt ipsa.,72,2023-03-05 17:50:12
51,213,Km Tahun Jual Nopol Tangan Original,130000000,Ipsum nisi assumenda molestias ipsum. Qui tempore mollitia sed voluptatum mollitia quaerat eius. Tenetur enim blanditiis ipsum fuga. Autem consectetur voluptatum fugit rem.,34,2023-01-22 08:46:25
52,200,Mesin Cash Murah Terawat Nopol,200000000,Quidem atque officia qui. Accusantium aliquid debitis debitis a nemo.,73,2022-12-06 20:05:20
53,309,Tahun Ban Surat Kredit Original,230000000,Nemo placeat voluptas placeat eius perspiciatis assumenda. Odit vero consequatur est magnam molestias dolores.,199,2023-03-26 23:30:30
54,386,Full Km Bekas Cash Jarak,650000000,Nostrum assumenda delectus quibusdam voluptatibus architecto consequatur. Laboriosam facilis veritatis.,80,2023-02-06 05:32:52
55,75,Berkualitas Kendaraan Pribadi Dokumen Tahun Jarak Negotiable Kredit Jual,1625000000,Rerum tempora non porro ullam. Mollitia quia similique quibusdam earum. Inventore deserunt magnam neque modi libero odio.,87,2023-05-14 11:09:20
56,240,Murah Asli Eksterior Pajak Kondisi Ban,197000000,Ut magni optio fuga voluptatem libero. Mollitia sunt nulla officia. Et ab similique modi dicta dolorem asperiores vitae.,83,2022-12-07 02:35:34
57,382,Asli Nego Jarak Km Surat Full,225000000,Eius est vitae sed magnam earum et. Vero corrupti necessitatibus optio. Unde dolor ea quasi.,20,2023-04-15 20:24:21
58,139,Berkualitas Siap Mesin Eksterior Stnk,135000000,Numquam id architecto eius suscipit aliquam quos. Incidunt delectus inventore distinctio aperiam necessitatibus.,55,2023-04-30 01:52:26
59,37,Dokumen Kilometer Cicilan Velg Kondisi Interior Siap Mobil Nopol,112000,Voluptates dolorem vel ab culpa. Ex officiis incidunt voluptate repellendus ullam. Tempora accusantium dicta. Nesciunt reiciendis pariatur optio.,17,2023-03-01 09:24:29
60,393,Velg Oli Nopol Kilometer Siap Bukan rental Kondisi Interior Cat Nego,110000000,Iure voluptatum ex. Nisi enim excepturi placeat error recusandae. Aliquam quidem consequuntur asperiores. Quas atque perferendis fugit tempora laudantium similique.,5,2022-12-29 19:50:36
61,111,Pakai Warna Harga Kendaraan Terjamin Cat Interior,1500000000,Ea quae nesciunt quas distinctio. Facere animi molestiae. Doloremque vitae corporis harum veritatis.,136,2022-11-29 18:44:08
62,132,Kredit Original Mobil Kendaraan Langsung,127000000,Repudiandae amet quis molestias nobis fugit. Magnam neque perspiciatis odio. Quibusdam occaecati similique dignissimos pariatur earum quaerat.,5,2023-02-16 04:15:29
63,359,Mobil Kondisi Oli Dokumen Kendaraan Pribadi Original,850000000,Nulla provident commodi nisi incidunt. Dolorem culpa porro enim illo.,56,2022-08-18 03:52:22
64,30,Pajak Jarak Harga Cash Full Service Velg,300000000,Ex nulla corrupti eveniet facere. Voluptates aliquam tempora earum nulla beatae quod. Error occaecati impedit repellendus maxime accusamus consequatur.,35,2023-01-17 17:04:44
65,88,Asli Tangan Pakai Tahun Full Km Nopol Berkualitas Jarak,155000000,Dolore recusandae ipsa autem beatae atque. Perferendis vero delectus. Odio voluptate sunt vitae ipsa rerum non nulla.,132,2022-10-20 08:30:05
66,339,Terawat Jarak Mulus Cash Baru Cat Harga Terjamin Oli Jarang,1295000000,Ut distinctio aliquam aperiam rerum quidem necessitatibus corporis.,87,2023-01-27 08:55:56
67,314,Jual Surat Kredit Baru Nopol,107000000,Dolores molestiae dolores fuga. Ex iusto exercitationem corrupti.,133,2023-05-22 11:49:21
68,128,Harga Langsung Murah Siap Km Pribadi Baru,1950000000,Enim atque quia maxime. Dolore ratione alias porro quibusdam similique quis. Quis quam itaque sequi dolorem amet harum.,170,2022-10-02 11:46:03
69,115,Mobil Full Bekas Dokumen Jual Cicilan Harga Negotiable Cash,260000000,Est omnis harum quae. Eos repellat inventore.,184,2023-03-20 17:48:54
70,32,Full Surat Pakai Jual Dp Kendaraan Oli,147500000,Iste exercitationem accusamus enim quod.,5,2023-02-21 18:05:30
71,100,Kredit Original Jual Asli Cat Negotiable Baru Surat Terjamin,200000000,Commodi quaerat sunt veritatis dolore. Nobis quaerat similique temporibus ipsum quis ipsa.,67,2023-02-27 10:07:27
72,262,Murah Terawat Original Pajak Asli Warna,1425000000,Nesciunt dolorum quam soluta. Dolorem dicta inventore enim. Laboriosam maxime illum saepe.,79,2023-06-21 16:05:14
73,12,Dokumen Pemakaian Mulus Velg Oli Kredit Bekas Nego Pakai,139000000,Sed cumque itaque eius. Beatae illum ut labore vel iste.,49,2023-03-23 12:33:36
74,191,Baru Stnk Nego Cat Tahun,180000000,Officiis perspiciatis facilis quis. Saepe fuga accusamus.,147,2023-03-21 18:37:43
75,44,Cat Bekas Oli Negotiable Interior Eksterior Service Jarang Nopol Jarak,159000000,Ullam odio inventore esse doloribus nemo. Repudiandae nam tempore nisi possimus molestias.,44,2023-01-22 18:38:16
76,391,Kilometer Eksterior Asli Jual Kredit Siap,650000000,Omnis repudiandae fugit quis blanditiis. Iste eos quidem laboriosam. Atque ut cum occaecati et.,190,2023-04-24 17:31:56
77,342,Mesin Full Pemakaian Kondisi Stnk Kendaraan Eksterior Cash Nego,276000000,Nam dignissimos libero odit molestiae quia laboriosam animi. Unde consectetur dolor voluptatum beatae pariatur distinctio. Vitae occaecati quas saepe.,75,2023-03-11 22:43:09
78,346,Pribadi Eksterior Dp Jual Asli Surat Stnk Langsung,215000000,Unde officia natus. Libero similique omnis laboriosam totam repudiandae. Perferendis sint explicabo totam tempora.,61,2022-10-28 17:09:55
79,97,Mulus Pakai Cat Kredit Oli Service Warna Siap,1745000000,Eaque officia quaerat nisi ad officiis. Repellendus nemo quo commodi possimus consequuntur itaque.,104,2023-06-10 15:25:32
80,77,Murah Terjamin Pemakaian Nego Eksterior Cash,300000000,Perferendis recusandae ipsum a animi eveniet ea. Quos modi aspernatur sapiente suscipit.,179,2023-04-16 11:49:52
81,124,Kilometer Langsung Nopol Kendaraan Terawat,167000000,Maxime quod commodi. Debitis sint quisquam voluptatem fuga eos. Minima dolorem beatae nemo laboriosam praesentium cum. At ut pariatur neque saepe itaque illo.,42,2023-03-14 20:51:22
82,82,Kredit Murah Nopol Pajak Original,350000000,Sapiente officia quod eum a. Labore mollitia dolorem vitae. Aspernatur minus commodi in vero eum quia. Corrupti quibusdam voluptates quaerat quas quas fuga.,107,2023-05-15 17:01:57
83,256,Bekas Jarang Warna Bukan rental Dp Mesin,155000000,Itaque nihil ducimus assumenda beatae. Architecto laboriosam eos natus neque. Corporis sed aspernatur in. Ratione officiis exercitationem.,110,2023-04-09 08:23:36
84,219,Terjamin Siap Kondisi Velg Cash Pribadi,205000000,Impedit magni molestias voluptate dicta.,142,2023-03-21 16:59:08
85,304,Terjamin Murah Asli Surat Dp Mulus Oli Jarang Pajak Stnk,245000000,Provident atque dolores rerum optio enim aperiam cumque. Sequi dignissimos nemo consequuntur odio dolorem vel.,156,2023-07-18 05:06:17
86,349,Kendaraan Pribadi Pemakaian Harga Stnk Bukan rental Terjamin Dokumen,155000000,Reprehenderit assumenda minus quos assumenda perferendis. Autem incidunt esse. Non et voluptatum ad id veritatis.,116,2023-01-11 09:58:04
87,309,Tangan Nopol Negotiable Dp Mesin,355000000,Suscipit minima neque aspernatur odio quibusdam iste. Commodi vero error delectus repudiandae. Consequatur natus dicta nam.,65,2023-04-09 18:27:28
88,99,Bekas Jarak Terawat Negotiable Jarang Baru Mesin Eksterior,135000000,Aperiam a totam eveniet facilis quis.,81,2023-03-18 01:07:58
89,34,Dokumen Interior Harga Velg Pajak Tangan,905000000,Vero placeat assumenda.,163,2023-07-04 22:03:18
90,345,Terawat Interior Pribadi Pemakaian Kendaraan Bukan rental Dokumen,975000000,Harum perspiciatis nulla doloremque repudiandae. Enim perferendis cum nobis non. Voluptas beatae eius nemo ratione.,88,2023-01-05 13:50:09
91,78,Langsung Kondisi Mobil Kendaraan Ban,276000000,Sequi aperiam omnis id. Praesentium vero pariatur eaque quis. Voluptates corporis ea quasi nihil culpa.,114,2022-09-08 21:02:10
92,337,Kilometer Kendaraan Interior Stnk Dp Terawat Dokumen,285000000,Atque quisquam cumque iusto quae fuga rem. Qui iste mollitia nulla in nulla.,60,2023-05-29 00:00:26
93,342,Surat Tangan Mesin Murah Km Nopol Siap Kendaraan Bukan rental Dp,260000000,Quas facilis itaque numquam. Fugiat quae provident rerum dolore facilis.,19,2023-07-26 09:39:20
94,43,Langsung Kredit Terawat Dokumen Kilometer Service Kondisi Velg Interior,625000,Totam aperiam omnis suscipit natus assumenda. Dolorem recusandae magnam aliquid.,99,2023-04-24 09:51:09
95,333,Kilometer Mobil Eksterior Stnk Jual Nego Cicilan,155000000,Minus minus rerum. Voluptates mollitia architecto autem quia. Optio vitae eaque.,172,2023-01-21 05:52:02
96,279,Pemakaian Pakai Bukan rental Pajak Nopol Full Tangan Tahun,510000000,Non eos voluptatibus blanditiis tenetur eveniet nesciunt. Quod dignissimos repellendus libero porro quam aperiam reiciendis. Cumque amet quam corrupti dignissimos nam amet necessitatibus.,149,2023-04-24 16:03:23
97,123,Mesin Jual Km Pemakaian Pakai Cicilan,125000000,Neque quam voluptatum ad optio. Adipisci corporis beatae non.,50,2023-05-23 04:24:29
98,209,Full Terjamin Mesin Murah Jarang Surat Bekas,850000000,Excepturi eius assumenda harum unde unde. Eaque quas dolores similique ullam modi cum.,122,2023-04-23 22:29:17
99,372,Surat Full Pajak Terawat Kredit Nopol,155000000,Reiciendis neque doloribus ipsam consequatur facere vel. Repudiandae fugit eligendi cupiditate magnam eligendi facere illo.,14,2022-09-08 07:00:23
100,175,Kredit Cat Velg Jarak Warna,155000000,Atque error temporibus alias accusamus. A hic minus repudiandae cum.,110,2023-01-01 17:59:01
101,69,Tangan Kredit Interior Cat Baru Service,135000000,Asperiores atque esse ipsam fuga. Esse sequi cumque. Molestias repellendus est at aut.,50,2022-10-30 10:23:21
102,57,Mulus Cash Bukan rental Kondisi Cicilan Surat Bekas Nopol Kredit,159000000,Eligendi impedit saepe laudantium aut maxime. Ducimus sunt ut quis delectus necessitatibus nobis.,153,2022-12-05 14:36:45
103,291,Bukan rental Pajak Warna Nopol Dp Jual Cat Original,545000000,Porro in in perspiciatis. Vitae illo quos provident veritatis harum officiis.,99,2023-05-03 20:32:50
104,90,Cash Langsung Siap Cicilan Full Tangan Interior Original,850000000,At optio quibusdam nemo est. Reprehenderit occaecati corporis modi dicta ut expedita. Fugiat soluta provident voluptatibus aliquam unde. Odit ea libero ut voluptatibus enim aliquid beatae.,78,2023-03-25 09:21:52
105,370,Kilometer Siap Cat Jarang Oli Harga,230000000,Repudiandae voluptatem commodi eius ipsa quos. Officia voluptas placeat iure magnam deserunt ea.,107,2023-01-10 19:54:05
106,79,Dp Cat Berkualitas Kondisi Pajak Surat,253000000,Reprehenderit necessitatibus alias quia. Accusantium libero beatae vitae dolorem.,63,2022-12-06 14:26:00
107,106,Terjamin Pribadi Cat Siap Baru Berkualitas Dokumen Ban Tangan Oli,895000000,Rerum atque itaque odio suscipit quod aspernatur. Quidem aliquam nisi dolore dolor laborum totam. Dolores distinctio tempore minima.,117,2022-11-10 12:31:27
108,308,Eksterior Km Langsung Terawat Bukan rental Baru,205000000,Dolorem nihil commodi ullam. Iusto ea voluptas aspernatur error architecto fugiat. Minus cupiditate totam.,142,2022-10-08 13:08:40
109,268,Baru Eksterior Kendaraan Oli Asli Terawat Kondisi Langsung Pajak,380000000,Reprehenderit impedit illum earum.,96,2022-11-17 00:44:52
110,391,Cash Nopol Mulus Service Jarak Nego Pakai,159000000,Distinctio porro modi exercitationem facere. Voluptate consectetur cupiditate impedit. Perspiciatis soluta et veritatis tempora voluptatem veniam.,44,2023-03-19 17:36:08
111,263,Negotiable Stnk Velg Kondisi Full Dokumen,245000000,Distinctio officiis rem. Ducimus ab perspiciatis ex neque. Amet error soluta quo repudiandae dolores. Maxime laudantium nostrum placeat ipsum harum.,21,2022-09-12 21:41:22
112,399,Pajak Dokumen Eksterior Mesin Kredit Jarang,650000000,Quo aliquam quisquam provident. Voluptas dolore iusto laborum quos at.,80,2023-02-24 18:11:17
113,122,Tangan Negotiable Full Kondisi Pemakaian Nopol Interior Service Cat,155000000,Blanditiis beatae officia repellat veniam et inventore porro. Architecto ex beatae dicta autem odit. Vero est quam mollitia.,182,2023-01-09 08:26:53
114,11,Nego Km Dp Siap Cat Oli Original Murah Cash Tahun,146000000,Cumque possimus eius eum quos. Sequi cupiditate maiores. Similique fuga aut.,57,2022-08-12 10:05:22
115,132,Negotiable Siap Jarang Bekas Asli Eksterior Cat Jarak Kendaraan,905000000,Harum eius minima. Doloribus numquam vero tenetur. Ratione nesciunt totam porro.,141,2022-12-09 13:46:09
116,361,Bukan rental Jarak Pemakaian Ban Oli Kilometer Mesin Siap Langsung Cash,112000,Quasi id provident laboriosam magnam nesciunt. Quas culpa velit fugiat quaerat. Labore totam eaque quidem. Totam mollitia corporis recusandae a earum.,89,2022-12-24 01:16:51
117,392,Stnk Baru Dp Full Kredit Mesin Langsung Mulus,2150000000,Culpa amet sint minus ipsum ullam nisi incidunt. Fugiat in porro dicta corporis deleniti. Voluptas assumenda a soluta magnam minima quisquam.,84,2022-11-22 04:02:10
118,241,Kendaraan Tahun Pribadi Harga Full Terawat Original,159000000,Incidunt excepturi asperiores.,44,2022-12-22 16:54:47
119,117,Bekas Siap Cash Tangan Service Kilometer Cat Kredit Ban,1950000000,Tempora delectus voluptatem debitis consequatur voluptate nam voluptatem. At placeat labore voluptatibus.,69,2023-03-27 20:07:15
120,290,Mesin Pajak Kredit Mulus Langsung Original Dp Warna Full,470000000,Voluptatum laudantium tenetur repellat soluta tenetur. Soluta animi libero iusto praesentium. Iste voluptatem eum vel et modi corrupti.,123,2022-10-16 12:10:30
121,320,Harga Bukan rental Jual Murah Langsung Eksterior Kondisi,245000000,Sed sed praesentium dolor explicabo. Eveniet numquam recusandae exercitationem eos quas.,156,2023-04-26 10:20:09
122,284,Tahun Ban Jual Pribadi Terawat Mulus Asli Velg,800000000,Enim magnam tempore nobis sit et. Sunt distinctio suscipit neque debitis fuga nobis.,32,2023-06-13 07:07:51
123,119,Kondisi Service Berkualitas Bekas Tangan Kendaraan Surat Nopol Kredit Full,265000000,Dolorum ipsam aliquid occaecati eius. Perspiciatis iure non minus. Perferendis aspernatur possimus est aliquid expedita fugit quas.,58,2023-04-20 20:36:39
124,323,Ban Negotiable Kredit Kendaraan Service Cat Bekas,265000000,Modi corrupti animi reprehenderit. Illo sint impedit dolorem quibusdam mollitia expedita.,92,2023-03-16 21:29:16
125,252,Nego Kilometer Nopol Velg Pribadi Langsung Tangan,398000000,Cum eveniet odio. Neque porro labore in culpa quos natus.,123,2023-07-03 21:53:31
126,114,Eksterior Cash Tahun Dokumen Nopol Mobil Harga Asli,500000000,Reprehenderit autem delectus molestias fugiat itaque accusantium voluptates. Nam quisquam consequatur quae vitae sunt.,112,2023-05-06 05:45:05
127,165,Pemakaian Km Terjamin Cat Oli Negotiable Interior Jarak Langsung Kilometer,225000000,Praesentium minus exercitationem dicta. Distinctio distinctio quaerat est voluptatum illum occaecati quidem. Minus provident fugiat omnis. Quam voluptatibus occaecati magni ullam suscipit tenetur.,67,2022-12-09 18:14:23
128,127,Stnk Mulus Siap Tahun Full Km Interior,215000000,Expedita iusto qui ipsa et. Sit dicta earum perspiciatis perferendis. Expedita reprehenderit doloribus.,148,2022-09-30 09:31:44
129,237,Bukan rental Interior Kendaraan Tahun Nego Service Cash Eksterior Cat,155000000,Quia iusto excepturi minima inventore. Deserunt totam fugiat nemo praesentium ratione. Aut asperiores a magni.,139,2023-07-23 02:42:27
130,30,Terjamin Kondisi Mulus Km Kilometer Berkualitas,230000000,Assumenda cumque ratione facere quia culpa. Ut quaerat ex perspiciatis esse exercitationem excepturi. Libero veritatis cum veritatis.,36,2023-03-06 13:21:26
131,259,Mulus Pajak Km Jarak Murah Nego Tahun Bukan rental Eksterior Kendaraan,190000000,Ullam perspiciatis magni iste voluptatibus doloribus. Natus dolore molestias cum dolores. Mollitia cum corrupti.,108,2023-02-19 14:11:38
132,235,Langsung Eksterior Jarang Siap Cicilan Cat Stnk,2575000000,Odio odio inventore delectus voluptate. Ipsam placeat explicabo quo quod earum soluta ex. Nulla nam ratione ut. Voluptatem assumenda molestias doloribus.,84,2022-09-10 20:53:24
133,197,Original Bukan rental Eksterior Cat Asli Km Cicilan,285000000,Veniam non perferendis recusandae.,18,2023-01-16 19:51:02
134,115,Ban Kendaraan Eksterior Pajak Cicilan Kilometer Nego,5800000000,Sint eveniet enim iusto. Quod minima ad doloremque nobis. Beatae quis tempore sapiente eum.,22,2023-03-01 09:26:51
135,288,Siap Langsung Murah Pribadi Nego Terawat Mulus,850000000,Itaque eligendi nihil aut nihil. Delectus illum nesciunt officia dolor.,122,2023-04-21 09:57:25
136,329,Asli Nego Original Stnk Ban Baru Pribadi Oli Mesin,155000000,Nulla accusamus quas ex. Voluptatum dolorem molestias. Natus nobis ipsam fugit.,33,2023-06-03 11:18:35
137,276,Kendaraan Eksterior Tangan Negotiable Kondisi Jarang Kredit Velg Nopol Jarak,155000000,Culpa harum delectus accusamus. Animi reiciendis fuga voluptate asperiores rem. Maxime expedita modi maiores. Ratione officiis deserunt commodi quia ipsum enim.,33,2023-06-24 22:33:10
138,1,Km Siap Nego Tangan Cat Cash,127000000,Vitae aspernatur nisi fugit accusantium voluptas molestiae. Necessitatibus ipsum eligendi nesciunt quos.,197,2023-07-11 14:28:57
139,142,Dokumen Service Pakai Negotiable Mesin Warna,285000000,Neque at tempore quia voluptas iusto. Maxime repellat aspernatur fugiat.,92,2022-12-01 04:51:17
140,216,Langsung Berkualitas Surat Nego Nopol Cicilan Stnk Ban,107000000,Asperiores praesentium adipisci earum repellendus reiciendis. Quos atque consequuntur beatae sunt dolor.,17,2022-09-04 02:43:05
141,374,Interior Dp Kondisi Pakai Full Cash,95000,Nesciunt nostrum occaecati in cumque beatae magnam. Corporis aliquid tempore mollitia eligendi. Voluptas doloribus velit ex delectus cumque explicabo.,89,2023-04-18 21:59:25
142,175,Jual Negotiable Murah Original Warna Stnk Jarang Pakai,220000000,Sit explicabo ea odio expedita repellendus dolores alias. Exercitationem ad nulla sint. Dicta rem suscipit at.,152,2023-07-07 00:24:26
143,20,Kilometer Mesin Murah Velg Dp Nego Mulus Pemakaian,155000000,Nemo iure soluta. Nulla voluptas eveniet architecto aliquam perspiciatis asperiores. Sed eligendi quia laboriosam quaerat odio eius.,187,2023-01-08 21:26:10
144,55,Oli Asli Service Baru Dp Pemakaian Ban Mulus Langsung,276000000,Natus soluta illum veniam. Sint libero veniam neque. Necessitatibus hic tempora ex similique quibusdam quis.,82,2022-11-25 04:45:31
145,374,Harga Ban Dp Mulus Eksterior Full Oli Kredit Interior,276000000,Facilis dicta ipsa sint in reprehenderit. Ullam consequuntur vel ullam nobis molestias soluta nemo. Dolor ex omnis doloribus.,85,2023-04-03 05:19:54
146,259,Bekas Pajak Dp Tahun Kilometer Stnk Km Mobil,197000000,Ducimus dignissimos saepe quas consequuntur. Quibusdam eos enim veritatis. Dolorem suscipit quidem voluptate laboriosam.,42,2023-02-14 04:34:17
147,261,Interior Berkualitas Surat Original Oli Murah Asli Nopol,675000000,Omnis magnam possimus illo. Provident quam unde accusamus voluptates. Aliquam non officiis occaecati occaecati perferendis suscipit.,162,2022-12-12 16:22:11
148,81,Murah Asli Mobil Baru Cat Surat Tahun Pribadi Mesin Siap,975000000,Et veritatis dicta quasi ipsum perspiciatis. Sint non pariatur.,88,2022-11-08 15:36:24
149,40,Mesin Warna Pajak Kondisi Eksterior Harga Service Km Ban,825000000,Minima id dolor laudantium asperiores. Sed explicabo eligendi eos. Illo soluta delectus reprehenderit nulla dolor.,27,2022-11-10 18:58:15
150,278,Dokumen Siap Service Tahun Mulus,2190000000,Asperiores iure recusandae vero iste esse. Sapiente enim perferendis error perferendis.,51,2022-11-23 17:16:47
151,295,Terawat Jarang Warna Murah Ban,167000000,Aliquam excepturi voluptatem quas iusto illo. Quaerat repellat eaque consequuntur. Alias ratione omnis officiis tenetur odit.,42,2022-11-30 17:16:33
152,268,Murah Pribadi Nego Oli Nopol Negotiable Dp Berkualitas Jual,297000000,A consequatur iusto odio.,145,2023-04-01 03:31:35
153,161,Asli Surat Kilometer Interior Negotiable Ban Oli Cash Service Jual,2750000000,Aperiam mollitia ad. Neque iste consequuntur reiciendis ex assumenda. Magni nesciunt ea accusamus.,152,2023-03-15 11:01:13
154,17,Tangan Dokumen Pemakaian Stnk Langsung,276000000,Accusamus soluta laboriosam numquam dolor corrupti. Quisquam quaerat quos voluptates dolorum. Eligendi ex atque distinctio eveniet cum.,82,2023-01-01 09:12:37
155,348,Langsung Bukan rental Full Pajak Dokumen Siap Terjamin,470000000,Error cupiditate accusamus dicta ipsam. Sed nisi error voluptatem dolor dolor nulla harum.,123,2023-06-02 08:42:03
156,36,Asli Terjamin Dp Pakai Service Kredit Siap Bukan rental Murah,130000000,Tempora ea quaerat dicta vero animi. Vitae culpa vero. Illo sequi atque eveniet occaecati dolores. Praesentium rem animi facilis pariatur doloremque ducimus doloribus.,189,2023-03-18 01:42:32
157,167,Ban Service Bukan rental Asli Tahun,155000000,Distinctio deserunt nam consectetur commodi minima cumque culpa. Exercitationem sint quam tempora laboriosam assumenda mollitia.,55,2022-12-27 00:53:28
158,287,Nego Pakai Oli Harga Cat Berkualitas,155000000,Aliquid adipisci cum placeat.,187,2023-04-05 09:40:03
159,172,Kilometer Harga Surat Jarang Tahun,155000000,Totam aut incidunt. Aspernatur voluptate quasi facere. Unde qui enim accusamus.,129,2023-05-15 23:02:44
160,234,Jarak Service Stnk Cash Mobil Interior Berkualitas Tahun Nego,300000000,Dolore distinctio distinctio labore provident aut. Neque ad voluptatem explicabo harum nemo unde.,157,2022-08-30 14:58:39
161,374,Oli Velg Kilometer Kondisi Pribadi Jarak Cicilan Tangan Pajak Bukan rental,265000000,Quo officia laudantium quibusdam necessitatibus architecto. Nihil veniam ut omnis veniam dolores nobis nemo. Fugit deleniti voluptatibus doloribus recusandae.,92,2022-10-09 04:43:31
162,256,Cicilan Negotiable Harga Kondisi Asli,135000000,Culpa facilis odio ad sed. Dignissimos laudantium voluptate a voluptatum omnis. Et incidunt optio impedit. Omnis aperiam repellat repellendus.,34,2023-03-05 23:26:04
163,44,Bekas Kilometer Cash Langsung Cicilan Kondisi,200000000,Corporis accusamus est minima voluptate iure reprehenderit. Architecto esse sequi exercitationem.,39,2023-04-10 21:31:06
164,128,Service Cicilan Mobil Tahun Original Kendaraan Ban Kredit Full,245000000,Est quaerat modi doloribus cumque temporibus. Natus odit ipsam laborum sequi maxime sed repellat.,157,2023-06-17 05:56:40
165,330,Langsung Mulus Pajak Nego Nopol,1950000000,Laudantium minus earum animi. Omnis ipsam sint incidunt asperiores incidunt.,191,2023-01-06 10:21:58
166,188,Kondisi Tangan Cash Oli Dp Nego Mesin Bekas Cicilan,260000000,Facilis delectus ipsa impedit eligendi culpa deserunt. Deserunt doloremque ut doloribus molestiae illo facere. Voluptas eius consectetur fugit iste sint ut.,61,2023-04-27 22:34:05
167,355,Mesin Terawat Cicilan Bukan rental Cat Oli Velg Murah Mobil,125000000,Tenetur iure ea labore veniam ipsam. Hic dicta eum odio adipisci harum deserunt quisquam.,167,2023-03-21 08:02:18
168,199,Siap Berkualitas Pakai Pajak Jual Original Jarak Dokumen,135000000,Libero non quia rem vero rerum a. Nulla eos fuga. Deserunt error repellat delectus. Optio sit dignissimos quas nobis.,62,2023-01-26 13:10:38
169,278,Pribadi Jarak Baru Jual Kilometer Eksterior Original Jarang Kredit Cash,100000000,Doloremque deserunt voluptatum nihil voluptas natus ipsum. Occaecati quas alias repudiandae atque maxime architecto.,44,2023-03-06 21:10:38
170,218,Kondisi Original Cicilan Bukan rental Tahun,600000000,Cupiditate velit nesciunt officiis repellat. Eum saepe rerum earum sapiente ut velit rerum. Dolorem voluptas saepe officiis.,190,2023-01-06 06:18:02
171,260,Original Km Dokumen Bekas Velg Langsung Kondisi,130000000,Quo fugit officiis nihil dolore repudiandae est. Minima consequuntur iste ducimus debitis.,86,2023-01-02 10:30:16
172,371,Negotiable Full Harga Interior Pemakaian Dp,135000000,Alias veritatis animi sed pariatur. Earum explicabo laborum aliquam repudiandae natus placeat et. Id illo doloremque numquam expedita assumenda.,50,2023-02-27 12:50:16
173,198,Velg Dp Bukan rental Stnk Jarak Interior Nopol Baru Ban,375000000,Neque praesentium assumenda nostrum exercitationem mollitia modi. Hic sed nobis architecto sint libero nemo eligendi. Nisi in nihil natus tempore nesciunt veritatis.,112,2023-01-21 18:55:57
174,262,Kilometer Berkualitas Jual Kendaraan Dokumen Harga Langsung Murah,155000000,Facere earum rem beatae sit officia. Dolorem exercitationem numquam. Magnam aperiam voluptatum qui ducimus excepturi.,110,2022-12-31 10:32:57
175,229,Full Eksterior Kilometer Kondisi Kredit Service,450000000,Autem nesciunt sit facere. Saepe sit nulla.,149,2023-02-27 02:52:47
176,117,Nopol Kredit Cicilan Berkualitas Langsung Siap Pakai Terawat,517000000,Praesentium quas perferendis et eos odit. Quam iste beatae porro officiis ullam soluta.,32,2022-11-20 01:36:53
177,318,Kredit Terjamin Bukan rental Tangan Stnk,225000000,Sapiente velit culpa amet consequatur tempora. Distinctio dolor officiis. Eveniet totam dicta fuga reiciendis.,66,2022-10-03 12:55:15
178,180,Nopol Pribadi Cicilan Bekas Mobil Service Mulus Cat Baru Nego,300000000,Eos hic animi voluptatum corrupti pariatur eius unde.,175,2023-04-30 06:36:28
179,205,Pribadi Velg Pemakaian Harga Stnk Tahun Dokumen Siap Km Asli,485000000,Totam explicabo iste repellat tenetur ipsam accusamus.,79,2023-02-16 21:21:44
180,247,Terawat Tangan Ban Kondisi Velg Mesin Jarak Tahun Surat Bekas,600000000,Eos ad voluptates atque tempore recusandae. Necessitatibus odio quia quo sequi laudantium delectus. Eligendi eligendi dolore id alias dignissimos.,174,2022-08-31 10:15:46
181,170,Tangan Cash Berkualitas Pakai Dp Negotiable Jual Mobil,645000000,Quae aliquam recusandae beatae dicta inventore qui deleniti. Sequi fugit ratione eveniet. Consequatur deserunt quo id animi dolorem distinctio.,63,2022-12-31 04:32:54
182,213,Pajak Pakai Asli Jual Oli,300000000,Sit occaecati ipsum architecto explicabo voluptatem possimus voluptatum. Magnam consequatur ab temporibus. Voluptas maiores ipsum ipsum reprehenderit nemo in.,179,2023-05-03 21:18:47
183,60,Nego Ban Kondisi Mulus Terjamin Berkualitas Asli,155000000,Molestiae iste vel veniam eligendi. Corrupti corrupti eum quam error placeat.,26,2022-11-15 13:55:42
184,245,Tahun Jarang Mobil Interior Oli Jual Surat Ban,146000000,Totam omnis perspiciatis. Occaecati cum totam nam.,93,2022-12-25 21:20:21
185,182,Eksterior Dp Kendaraan Nego Harga Kredit Warna Terawat Service Langsung,500000000,Quaerat odio quas porro magni. Ducimus repellat quis qui. Aliquid quis animi sapiente vitae labore.,180,2023-06-28 00:33:48
186,160,Langsung Dp Nego Nopol Pribadi Tahun Terawat Mobil Cash Harga,975000000,Esse vitae adipisci illum enim sit repudiandae. Possimus aliquam repudiandae temporibus quos.,101,2022-11-06 11:47:06
187,102,Tangan Service Kredit Pakai Stnk Harga Asli Mobil,125000000,Quos quis odio architecto blanditiis eligendi sint. Nam ad consequatur optio aut consequuntur. Corporis illum quae tempore iste sunt.,182,2023-02-21 11:32:19
188,265,Siap Cicilan Berkualitas Harga Mesin Murah Langsung Bukan rental Ban Cat,5800000000,Atque amet sit recusandae voluptatibus voluptatem. Blanditiis voluptatibus accusantium ea id.,111,2023-02-20 21:05:02
189,272,Berkualitas Interior Pemakaian Kredit Cat Mobil,645000000,Alias pariatur sunt hic est enim officia. Ad quibusdam adipisci tempore tempora deserunt.,63,2023-01-03 03:41:06
190,337,Cicilan Jarang Harga Kredit Pribadi Nego Oli Pemakaian Terawat Siap,135000000,Quos debitis esse totam cupiditate dolore ex. Explicabo ipsa consequuntur ducimus. Perferendis qui molestiae necessitatibus. Sed consequatur excepturi corporis autem.,14,2022-10-15 09:36:16
191,355,Terjamin Kilometer Negotiable Original Kendaraan Cicilan Harga,130000000,Amet dolorum illo exercitationem molestias mollitia earum. Dolore impedit magnam molestiae. Eligendi expedita omnis nobis minus.,139,2023-02-28 13:40:25
192,398,Pajak Kondisi Murah Dokumen Mobil Pemakaian Bekas Terawat Cash,130000000,Ullam quam numquam facilis esse atque asperiores ducimus. Culpa vero ducimus repellat repellendus.,62,2022-11-22 16:26:20
193,93,Original Dp Velg Km Cash Kredit Baru Full Service,1500000000,Error laboriosam repellendus nam accusamus perferendis porro. Accusamus maiores saepe quasi nostrum optio provident. Facere reprehenderit iste porro.,170,2022-12-27 23:22:19
194,310,Pakai Bukan rental Interior Pribadi Eksterior,199000000,Magni numquam rem at ipsa dolorem. Dolorum facere corporis. Harum delectus iste eaque ab rem et.,119,2023-07-14 18:46:47
195,359,Jarang Mobil Tangan Jarak Kilometer,285000000,Reiciendis mollitia molestias impedit vero eveniet dolor eum. Iusto maiores ipsam quasi deserunt.,60,2023-04-22 06:51:17
196,53,Nopol Ban Nego Kilometer Pakai Tangan Baru,100000000,Sit doloremque velit id cum quisquam. Dignissimos repudiandae nostrum totam voluptatem doloribus.,134,2023-04-23 08:17:04
197,231,Cicilan Original Kondisi Nego Pakai Bukan rental Terjamin Kilometer,800000000,Labore ratione odio. Ducimus rem tempore minus ipsam. Sint laudantium laborum maxime.,121,2022-10-14 01:44:54
198,196,Tangan Negotiable Baru Cat Mulus,195000000,Delectus ipsam tenetur ad culpa illo perspiciatis numquam. Occaecati officia vero sed tempora.,4,2023-05-01 04:57:54
199,400,Nopol Oli Negotiable Baru Berkualitas,155000000,Fugiat voluptatibus consequuntur nisi laboriosam inventore. Consequatur vel id id ipsa fuga.,41,2022-12-22 17:17:06
200,120,Service Km Baru Dokumen Ban Velg Nopol Oli Pribadi,180000000,Veritatis eius consectetur architecto tempore.,147,2023-03-20 01:48:13
201,392,Mesin Pribadi Kilometer Bukan rental Terjamin Velg Mobil Jual,325000000,Excepturi magni illo eius. Iusto accusamus amet.,94,2022-11-22 15:20:56
202,4,Nopol Terawat Full Kondisi Velg Bukan rental Interior Ban Km,510000000,Quas consectetur explicabo accusantium assumenda eligendi. Repellendus cupiditate doloremque eveniet. Exercitationem minus ipsam officia. Neque laboriosam ut fuga sapiente consectetur.,149,2023-04-10 04:53:57
203,233,Murah Cat Bekas Full Baru Pribadi Eksterior Asli,1845000000,Deserunt atque veniam in recusandae dicta reprehenderit cum. Eius voluptatem reiciendis eum iure dolorem.,151,2022-10-30 23:34:48
204,250,Baru Pemakaian Dp Terawat Langsung Full,800000000,Qui dicta inventore incidunt. Adipisci laudantium dignissimos corrupti.,115,2023-03-03 04:37:51
205,314,Terawat Bekas Kredit Bukan rental Dokumen Kilometer Service,135000000,Quaerat architecto numquam animi et. Commodi non libero animi qui.,34,2023-04-04 02:25:30
206,327,Pemakaian Ban Original Kondisi Tahun,276000000,Explicabo ad asperiores iste voluptas. Fuga quaerat natus repellat aperiam impedit illo qui.,82,2023-02-01 15:59:46
207,118,Pribadi Negotiable Eksterior Cicilan Dokumen Pemakaian Pajak,159000000,Quos voluptatibus tenetur expedita quibusdam temporibus.,160,2023-04-04 07:34:51
208,135,Full Mobil Kondisi Ban Original Cash Cicilan Interior,276000000,Laudantium sint aut delectus reprehenderit. Excepturi commodi alias magni sint provident perferendis. Eos ratione fuga iure.,138,2023-02-11 10:21:15
209,213,Ban Negotiable Pribadi Oli Jual Dokumen Pajak Asli Kilometer,110000000,Culpa nihil omnis necessitatibus eligendi. Accusantium repellendus nesciunt. Aliquid hic eum sunt dolor ipsa dolore.,197,2023-06-07 01:44:51
210,47,Service Cash Km Stnk Interior Eksterior Asli Siap Pribadi Pakai,1700000000,Saepe earum porro possimus dolorem. Non quidem nulla autem error rem error.,170,2023-03-03 07:28:07
211,327,Stnk Mobil Langsung Baru Cicilan Kondisi Kredit Bekas Warna Tangan,300000000,Nisi ducimus molestiae ipsam quo harum earum. Ducimus eos quam accusamus fuga veniam corporis. Cumque nostrum id nisi.,120,2023-03-16 06:57:04
212,330,Bekas Tahun Cicilan Mesin Warna Stnk Jarak Jarang Asli Nopol,125000000,Rem ratione sint commodi.,167,2023-07-29 08:22:48
213,282,Kredit Original Bekas Cicilan Bukan rental,1650000000,Quam praesentium dolore delectus facilis dicta. At cumque quaerat veniam velit.,37,2022-12-30 04:52:09
214,198,Harga Nopol Jarak Kondisi Interior Pajak Stnk Pakai Terawat,95000,Aliquid consequatur iure facere cumque. Nihil eveniet ab corporis quos fuga modi suscipit. Saepe ad quia sapiente.,133,2023-02-26 12:29:47
215,10,Surat Nego Asli Tahun Ban Kendaraan Jarak,212500000,Ipsam nihil exercitationem blanditiis animi. Temporibus eum quis modi non corrupti eligendi dolorum. Perspiciatis quod velit cumque est ab nesciunt. Facere amet debitis explicabo ipsam optio.,168,2023-03-13 19:39:50
216,223,Mobil Stnk Harga Tahun Murah,155000000,Dignissimos deleniti ex amet id illo. Quidem eveniet culpa. Illo voluptates dolorem fugit alias corporis laudantium.,33,2022-10-18 14:45:01
217,10,Kredit Jarang Asli Bekas Jarak Terawat Nego Baru Pajak Dokumen,463000000,Nam officia aperiam eius laborum cumque voluptatum nemo. Necessitatibus eum reiciendis nulla exercitationem illo. Ipsa dolores facilis recusandae fuga aspernatur.,9,2022-10-05 15:48:03
218,170,Interior Pemakaian Pajak Cash Warna Ban,450000000,Enim sed tenetur rerum aliquid.,196,2022-08-09 04:02:08
219,180,Murah Kredit Asli Cash Service Nopol Km Warna Terawat Kilometer,675000000,Quod neque voluptas consectetur eveniet odit. Perferendis dolorem molestiae ducimus veritatis molestias quos.,163,2022-12-22 09:53:02
220,161,Warna Baru Terjamin Harga Cash Murah Pemakaian Tangan Kredit,130000000,Et hic adipisci asperiores quod atque tempora officiis. Occaecati doloremque laudantium incidunt. Porro tempore laudantium minima doloribus consequuntur.,167,2023-01-26 11:53:22
221,120,Original Velg Nopol Jual Surat Kilometer Siap Asli,230000000,Dicta nulla unde quos. Maiores consectetur voluptates distinctio ducimus ipsa autem. Aliquam vitae asperiores error quo.,12,2022-10-28 05:41:33
222,337,Cat Jarang Km Negotiable Bekas Pajak Kondisi Ban Cicilan Asli,245000000,Soluta tenetur repellat ea. Expedita numquam in quos rerum. Doloremque vero sed delectus sed.,120,2022-10-04 07:55:52
223,235,Murah Baru Terawat Cicilan Pribadi Kilometer,905000000,Saepe labore maiores quisquam earum officiis doloribus. Sit occaecati ullam quae deleniti.,163,2023-06-27 09:27:04
224,141,Asli Mulus Eksterior Service Surat Berkualitas,147500000,Corporis nesciunt dolor vero. Atque incidunt blanditiis molestias esse porro error.,164,2023-02-12 15:48:52
225,244,Bukan rental Interior Km Mesin Siap,2150000000,Occaecati iusto error error odio incidunt. Atque odit accusamus ipsa.,51,2023-04-18 20:52:43
226,368,Oli Terawat Surat Pribadi Mobil Dp Interior Pemakaian,510000000,Sequi vel dolorem impedit.,96,2022-08-13 23:26:39
227,38,Tangan Baru Siap Dp Stnk Pribadi Jual Asli,155000000,Laborum voluptate eaque. Iusto illum alias voluptas culpa asperiores repellendus. Est vitae non temporibus animi quis minima. Libero non blanditiis.,110,2022-12-20 09:49:46
228,204,Pakai Ban Mulus Bekas Pribadi,155000000,Voluptas harum aut voluptates possimus. Molestias atque animi id expedita mollitia qui voluptas.,116,2022-10-27 07:41:22
229,147,Surat Oli Negotiable Kredit Original Ban Warna,675000000,Modi corrupti odio nulla alias saepe. Modi unde dicta iusto culpa sapiente. Maxime suscipit non consectetur perspiciatis.,63,2023-02-14 19:06:20
230,66,Full Oli Pribadi Interior Kondisi Surat Langsung Tahun Murah Pakai,297000000,Omnis quae exercitationem nemo voluptates. Exercitationem atque inventore nisi explicabo saepe.,47,2023-01-04 05:36:41
231,57,Oli Warna Baru Cicilan Km Velg,1980000000,Officiis et soluta quia voluptates quas nemo adipisci. Doloremque optio quaerat alias eius.,194,2023-04-22 07:15:06
232,386,Bukan rental Pribadi Stnk Siap Cash Pajak,297000000,Animi deleniti labore. Tenetur odit cum quas dolorem fuga quia.,145,2023-04-08 04:55:20
233,18,Pajak Berkualitas Pribadi Jual Cat,905000000,Velit voluptates doloribus suscipit quae nisi. Voluptate id ut excepturi quo sed.,126,2023-01-30 19:40:31
234,215,Bukan rental Jarang Terawat Bekas Murah Stnk Jarak Harga Jual,350000000,Eius voluptates deleniti mollitia. Tenetur deserunt a nisi. Repellendus sed eveniet quos maxime.,107,2023-04-08 13:59:32
235,323,Asli Km Terjamin Langsung Kredit Stnk Cash Tangan Nopol,127000000,Corporis optio perspiciatis. Facilis perferendis soluta dolor porro ipsum laboriosam.,135,2023-02-25 01:49:27
236,274,Mulus Cicilan Siap Cash Pribadi Original Kredit Tahun,276000000,Itaque asperiores vero quos deserunt totam mollitia. Aut iusto iusto accusantium perspiciatis incidunt aliquam. Laudantium quibusdam nisi delectus.,103,2022-10-19 22:33:41
237,13,Mesin Cash Cicilan Nego Harga Full Nopol Terjamin,107000000,Provident accusantium consectetur. Aut reiciendis error eos possimus molestias laudantium.,25,2022-12-27 13:42:06
238,73,Kilometer Jarak Dokumen Mesin Eksterior Stnk Cat Pakai,155000000,Officia ad sed recusandae nesciunt id nisi.,26,2023-05-07 00:13:26
239,9,Pemakaian Pribadi Pajak Km Jarang Mulus,1745000000,Quisquam molestiae laborum. Numquam tenetur fuga eum aspernatur odio quisquam. Dignissimos soluta rem sapiente ea. Quidem debitis voluptate architecto aperiam ad.,188,2022-10-02 00:50:27
240,377,Murah Stnk Siap Baru Tangan Dokumen,450000000,Sint veritatis a adipisci ad animi ea. Veniam quasi dolore et eligendi deleniti.,122,2023-03-24 21:33:55
241,151,Cicilan Dokumen Jarak Tangan Berkualitas Stnk Jarang Service,1100000000,Sequi sequi eius distinctio id ducimus eveniet. Expedita tempora iusto ducimus corporis pariatur. Doloremque culpa voluptas impedit quaerat.,193,2023-02-18 08:20:59
242,325,Tangan Mesin Interior Nego Kilometer Siap,355000000,Quasi atque expedita mollitia quos.,152,2022-12-14 21:08:20
243,281,Bukan rental Pakai Kendaraan Nopol Stnk Dokumen,155000000,Quae accusantium vitae quas quas debitis. Quod harum temporibus optio.,116,2023-01-01 01:04:33
244,352,Langsung Mulus Siap Negotiable Ban Berkualitas,210000000,Error quaerat sunt cum omnis necessitatibus. Quisquam distinctio esse explicabo nihil voluptatem quisquam.,31,2023-05-24 13:17:25
245,292,Stnk Interior Nopol Pajak Pemakaian Siap Pakai Baru Langsung,517000000,Est occaecati debitis quas autem. Et consequuntur quo mollitia aliquid molestias excepturi.,32,2023-03-19 11:51:12
246,202,Asli Mobil Kredit Dokumen Warna Langsung Cash,215000000,Repellat neque suscipit adipisci. Recusandae molestias nulla nam ullam facere. Nihil mollitia numquam laborum facere excepturi.,138,2023-02-23 18:15:06
247,393,Stnk Cicilan Mesin Pakai Jarang Terjamin Km Terawat Pemakaian,600000000,Labore magnam omnis minus. Dicta in aliquam quasi.,122,2023-02-15 05:54:35
248,160,Berkualitas Dokumen Kondisi Warna Tangan Eksterior Mesin Langsung,245000000,Aut dolor temporibus corporis. Qui nam unde.,156,2023-05-06 05:00:24
249,101,Dp Mesin Harga Bekas Jual Pemakaian,850000000,Beatae blanditiis soluta placeat debitis. Et fugiat qui id suscipit quos.,193,2023-05-19 03:20:02
250,162,Bekas Pribadi Velg Service Stnk Jarang,155000000,Eius perferendis unde dolores. Incidunt nisi repudiandae at dolorum beatae iste. Illo culpa sed architecto dolores sit fugit. Quos adipisci eveniet doloremque voluptatum libero accusantium corporis.,81,2023-03-09 23:00:24
251,291,Mulus Harga Warna Km Dp Cicilan Terjamin Kendaraan Nopol,590000000,Voluptatem tempore facilis ipsum quia rem maxime. Quisquam sequi illo maiores.,145,2023-04-10 06:24:33
252,192,Cicilan Bukan rental Tahun Berkualitas Kondisi Service Velg Pribadi Mesin,253000000,Consequatur nemo accusantium occaecati fugit accusantium.,128,2022-09-27 16:27:07
253,351,Original Surat Kredit Jual Mesin Langsung Nopol Ban Terawat,181000000,Aperiam sequi ipsam incidunt accusamus quod perferendis accusamus.,125,2022-12-29 18:11:07
254,329,Kilometer Asli Service Siap Kendaraan Nopol Mulus Full,230000000,Quae exercitationem vitae nostrum architecto pariatur exercitationem. Assumenda illo nihil. Est occaecati eius. Officiis voluptas laboriosam veniam incidunt minima nemo.,82,2022-10-23 04:38:29
255,298,Baru Oli Surat Mulus Full Negotiable Interior Stnk,225000000,Laudantium occaecati sint quis consequuntur eos. Nesciunt quis quibusdam dolore. Minus libero eveniet non laboriosam quisquam quos.,67,2023-06-13 09:35:54
256,298,Cash Kilometer Pemakaian Warna Nego Cat Dokumen,850000000,Architecto neque dolores dolorum suscipit ad. Dicta neque quae consequuntur. Optio fuga ab blanditiis porro ut.,7,2023-06-28 12:50:09
257,394,Warna Baru Mesin Dokumen Asli Eksterior Km Kredit Nego,265000000,Explicabo minima fuga officiis in necessitatibus culpa autem. Recusandae optio quia ipsum earum. Architecto consectetur beatae aut dicta accusamus.,58,2023-06-20 13:46:17
258,339,Pemakaian Full Pribadi Cat Dp,235000000,Neque odit voluptate aliquid ex. Tempore commodi ab nobis vitae.,199,2023-04-27 10:51:59
259,250,Asli Berkualitas Eksterior Kilometer Dokumen,2575000000,Reprehenderit voluptas eum nemo. Maxime voluptatem tenetur nisi cum ea iure.,91,2023-07-25 04:27:51
260,81,Nego Jarang Cat Jual Mesin Langsung Terjamin Pajak Harga,510000000,Deleniti quas incidunt ab voluptatem. Voluptatibus assumenda ut.,154,2023-04-27 06:11:54
261,258,Cash Pemakaian Harga Tahun Langsung Mulus,230000000,Perferendis at natus molestiae quasi corrupti. Enim laboriosam fugiat culpa tenetur ratione.,73,2022-11-21 14:31:12
262,100,Pribadi Service Asli Nopol Langsung Tahun Terjamin Terawat Baru Full,2750000000,Reiciendis iure quaerat. Itaque minus minus architecto.,152,2023-03-18 17:04:30
263,175,Cicilan Service Tangan Cash Asli Velg,127000000,A accusantium esse eveniet possimus nemo. Consequuntur atque iste laborum laboriosam. Qui nulla suscipit cumque dolores alias quisquam.,140,2023-05-03 12:21:49
264,124,Nopol Terjamin Bukan rental Surat Cicilan Asli Pakai Langsung,225000000,Aperiam itaque architecto architecto eos. Dolor pariatur voluptatem facere repudiandae ea.,165,2023-04-26 23:10:15
265,242,Jarak Langsung Siap Eksterior Baru Nopol Bekas,860000000,Eligendi debitis at earum repellat maxime aliquam. Sit veniam dolor commodi illum voluptatibus quae non. Ea reiciendis veniam enim.,13,2022-11-13 22:11:03
266,167,Eksterior Bukan rental Mobil Tangan Service Cash Nopol Kondisi Cicilan Asli,975000000,Maiores architecto deserunt voluptatibus asperiores fugit. Vitae odio eius cupiditate magni adipisci. Consequatur voluptatum quasi ipsam molestias voluptatibus.,163,2023-05-01 06:12:52
267,312,Oli Interior Nopol Bukan rental Dokumen Baru,155000000,Tempora dignissimos quam saepe possimus nihil. Quis doloremque molestiae illum vitae iusto. Iusto enim officia repellendus mollitia quam nulla.,54,2023-03-05 17:54:12
268,281,Service Km Jarak Ban Siap Terawat,1745000000,Accusantium tempore perspiciatis optio excepturi. Est quae magnam fuga natus illo.,30,2023-05-19 15:36:24
269,144,Warna Mulus Baru Cicilan Full,645000000,Enim soluta assumenda consectetur. Ratione quis maiores quasi quaerat earum.,63,2023-05-19 17:31:13
270,268,Asli Tangan Cat Terjamin Pakai Mesin,440000000,Sed eveniet quaerat. Autem aliquid placeat vero. Amet error ad qui.,105,2023-03-27 20:52:22
271,231,Surat Bukan rental Tangan Nego Siap Terjamin Negotiable Warna Cash,200000000,Aspernatur ullam nihil sequi. Dolorum maiores temporibus amet magni incidunt debitis.,67,2023-06-10 07:01:04
272,375,Pemakaian Cat Nopol Nego Ban Siap Negotiable Pakai Harga Mulus,1500000000,Explicabo magnam cum amet eligendi iure quibusdam. Reprehenderit odit quibusdam dolorum totam vero assumenda. Dicta ipsum totam officia commodi. Assumenda debitis facere ducimus vel.,69,2023-05-06 23:36:46
273,139,Mobil Baru Jual Terawat Dp Oli Mulus,155000000,Distinctio deleniti deserunt voluptate veniam ipsa aspernatur. Harum repellat eligendi soluta amet. Reprehenderit vel expedita consectetur.,187,2022-12-17 04:30:32
274,164,Cat Negotiable Oli Asli Murah Km Nopol Terjamin Service Eksterior,155000000,Quos ut dolores velit. Quidem quasi ratione voluptas.,139,2023-06-13 09:32:26
275,205,Oli Jual Bekas Jarak Berkualitas Baru Terjamin Nego,155000000,Sint rerum minima sunt aliquid. Quis quasi dolor voluptates numquam molestiae autem. Nostrum corporis deserunt ex.,182,2023-01-21 08:00:47
276,371,Surat Langsung Dp Mulus Cash Berkualitas Asli Pribadi,200000000,Necessitatibus cumque incidunt expedita porro ipsum. Nam sint sint nobis. Fugiat adipisci sint natus consequatur commodi error.,39,2022-10-16 21:49:49
277,35,Terjamin Original Cicilan Bekas Negotiable Bukan rental Berkualitas Jual Jarang,130000000,Culpa facere voluptates veniam vel voluptates. Sapiente amet eligendi ullam veniam eum quasi voluptatem. Nobis voluptates similique.,173,2023-03-26 17:48:14
278,215,Dokumen Original Baru Nopol Cicilan Pakai Pajak Pemakaian Mobil,850000000,Maiores dolorem vero ratione distinctio minus fugiat. Libero sed ducimus laborum molestiae architecto.,122,2023-04-17 23:55:37
279,310,Negotiable Bukan rental Bekas Harga Km Stnk,155000000,Magni in corrupti libero. Fugit cumque quisquam aliquid dolorem ad voluptate.,50,2022-12-31 04:07:38
280,294,Tahun Cash Pakai Kilometer Negotiable Original Nopol Full,590000000,Tempore illum praesentium nostrum a soluta id. Maiores hic alias porro esse.,74,2023-02-14 14:42:15
281,244,Surat Kilometer Velg Eksterior Ban Stnk Terjamin Service,135000000,Commodi labore accusamus odio in. Blanditiis possimus similique quos. Ab iusto aut. Perferendis occaecati sint.,95,2023-03-14 23:46:13
282,347,Pajak Nopol Cash Jarang Pakai Warna,1650000000,Ducimus at non qui officiis. Ipsum accusantium necessitatibus deleniti odio quaerat harum.,37,2022-11-25 19:06:38
283,364,Cash Bekas Kredit Terjamin Mesin Oli Murah Km Mobil,1950000000,Quaerat eligendi deserunt animi aliquam fuga mollitia. Dolores dolor iste iure corrupti facere.,69,2023-03-31 14:07:19
284,128,Velg Kendaraan Mobil Terawat Jarang Cash,200000000,Unde voluptatum iste pariatur eaque culpa modi.,165,2022-11-19 06:03:27
285,37,Cat Km Asli Velg Ban Kondisi Murah Jual Pribadi Pajak,265000000,Necessitatibus nemo et consequatur. Officia mollitia odit qui dolores recusandae pariatur. Reiciendis ad laudantium aliquam numquam.,2,2023-04-16 14:29:07
286,200,Kilometer Dp Mulus Tahun Cash Bekas Baru Pakai,107000000,Veniam eligendi temporibus architecto voluptatibus minus consequatur. Perspiciatis ea labore nulla nobis labore atque. Quibusdam porro cum necessitatibus ad.,17,2022-10-19 04:20:12
287,334,Pajak Oli Pakai Kondisi Kilometer Tahun Terawat Warna Negotiable,150000000,Id at expedita.,86,2023-06-09 11:58:50
288,165,Mobil Kredit Warna Nopol Full Cash Dp Baru Kilometer Asli,181000000,Vero debitis quibusdam beatae praesentium beatae ab. Quae quisquam animi consectetur magnam.,57,2023-03-26 10:54:35
289,75,Asli Nopol Ban Mesin Tahun Warna,200000000,Consequuntur tempore at quo laboriosam magnam.,176,2023-06-07 13:08:26
290,334,Oli Baru Negotiable Service Km Dokumen,1700000000,Ducimus accusamus nobis impedit a. Eum tempora nam sapiente eaque. Dicta corrupti magni.,136,2023-03-31 12:26:32
291,369,Asli Harga Service Full Terjamin Kilometer Interior,485000000,Ullam ea eum amet. Temporibus voluptas aliquam eos ipsam inventore.,158,2023-02-22 02:20:43
292,197,Full Cat Nego Service Velg Warna,265000000,Minima magni facere. Neque quae sapiente deserunt. Repudiandae neque atque ducimus recusandae atque.,92,2023-03-19 13:10:55
293,64,Tangan Kendaraan Mobil Mesin Bukan rental Full,975000000,Iste nulla sequi velit nemo molestiae. Numquam corporis quaerat. Id porro quia aut. Facere fuga quas dolor autem.,141,2023-01-12 10:29:31
294,309,Jual Tangan Tahun Nopol Dp Langsung Cat Nego Stnk,230000000,Rerum totam nobis.,175,2023-03-21 19:25:15
295,225,Nego Tangan Dp Interior Kredit,195000000,Delectus esse doloribus porro eos. Tempore aliquam voluptate ipsam in. Laboriosam voluptas neque.,150,2022-09-08 18:38:53
296,31,Jarang Baru Asli Tahun Terawat,899000000,Maxime perferendis esse tempora harum voluptates voluptatem amet. Id error laborum velit repellendus atque natus. Quisquam vero debitis impedit praesentium id corrupti.,200,2022-12-22 14:23:52
297,286,Km Langsung Nego Warna Asli Eksterior Ban Kendaraan Dp,600000000,Sint a ducimus cupiditate quia eaque sequi repellendus. Temporibus illo soluta magni. Placeat sint cupiditate pariatur deserunt. Rerum vero voluptatum id suscipit tempora optio.,46,2023-06-21 04:38:19
298,207,Baru Murah Dp Stnk Ban Interior Mesin,675000000,Officiis ipsum ratione consequuntur dicta. Aliquam similique sapiente ratione voluptates accusantium beatae.,162,2022-09-02 11:31:24
299,385,Surat Interior Harga Full Velg Baru,4000000000,Sit eos ipsa occaecati in. Porro quia sapiente et consectetur nam tempora.,6,2022-12-31 04:43:30
300,135,Nopol Oli Pajak Mobil Jarang Pakai,463000000,Doloremque minima consequatur ullam. Repellendus adipisci consequatur saepe praesentium voluptate ipsam. A numquam nam.,18,2022-11-03 02:42:22
301,321,Oli Asli Km Kondisi Tangan Eksterior Jarang Jual Pribadi Harga,5800000000,Odio distinctio incidunt veniam quis officia. Sapiente maiores asperiores eveniet sed dolores quas ducimus. Deserunt optio repellat eaque sit minima. Deleniti sequi impedit ea id odio rerum.,22,2023-02-14 17:25:42
302,69,Asli Terawat Siap Pakai Tahun Full,4000000000,Voluptatum repellendus beatae harum aut voluptates consectetur tenetur. Voluptatem corporis alias corrupti qui iste tempore.,169,2022-12-24 10:54:40
303,132,Nego Jual Mobil Full Dp Pajak,1650000000,Consequatur consequatur reiciendis porro saepe pariatur quos eligendi. Harum occaecati laborum dolor similique maiores a. At minima non quidem illo laboriosam.,37,2022-12-09 00:14:48
304,38,Murah Siap Jarang Kendaraan Langsung Pakai Ban Bukan rental,1100000000,Sit laudantium nihil porro unde repudiandae unde adipisci. Exercitationem dicta reprehenderit modi nisi eveniet deserunt optio. Eius minus laboriosam perspiciatis.,98,2023-05-26 18:37:14
305,25,Velg Siap Langsung Mobil Bekas Oli Baru,230000000,Nesciunt molestias nihil vero soluta voluptatum. Fugit quis enim ipsam pariatur repellat iusto. Cupiditate quam provident atque blanditiis dolor quaerat. Perspiciatis sint delectus porro quo.,35,2022-10-22 20:39:30
306,272,Tangan Terawat Kilometer Pemakaian Cicilan Pribadi Berkualitas Stnk,265000000,Vero magnam illo eius numquam qui commodi. Expedita accusamus nam iure. Animi recusandae rerum asperiores.,156,2023-06-01 20:19:30
307,25,Nego Pakai Ban Kredit Asli Cash,230000000,Soluta hic sapiente fuga. Assumenda unde veritatis soluta.,68,2023-03-26 09:59:45
308,195,Mobil Pribadi Harga Dokumen Surat Kilometer Stnk,445000000,Deserunt id recusandae consequuntur. Aperiam tenetur recusandae sed rem.,47,2023-02-05 18:37:49
309,23,Asli Mulus Nego Service Eksterior,350000000,Quis eos esse dignissimos neque. Esse reprehenderit nam laboriosam. Consectetur quod architecto expedita.,107,2022-11-04 10:09:21
310,217,Surat Cicilan Dokumen Harga Pribadi Baru Velg Tahun Terawat,276000000,Sed excepturi dolores ea minima. Molestias alias ducimus explicabo. Dolore dolores iusto eveniet sed. Optio quam enim repellat blanditiis.,85,2022-11-04 04:53:08
311,24,Bukan rental Tahun Pajak Cat Interior Tangan Jual Pemakaian Asli Dokumen,325000000,Incidunt ex ipsa laborum. Inventore reiciendis exercitationem illum deleniti modi esse.,72,2023-07-24 14:23:06
312,241,Siap Velg Kilometer Murah Tahun Pribadi Jual Terawat Berkualitas Cash,245000000,Repellendus cum neque. Deserunt nulla itaque nisi ut.,31,2023-05-16 12:47:34
313,380,Mesin Oli Warna Dokumen Velg Pribadi,1845000000,Laudantium temporibus occaecati amet quibusdam. Dolore tenetur assumenda dignissimos voluptatem perferendis ea. Facere aliquam quibusdam voluptatum non aperiam.,151,2022-12-17 08:52:03
314,299,Oli Nego Berkualitas Tangan Dp Ban,450000000,Corporis rem dolores quidem soluta unde aut. Repellendus minima neque consequatur consequatur repellendus qui. Esse in perferendis nulla molestiae culpa asperiores.,96,2023-01-04 04:05:22
315,18,Cat Surat Terawat Original Asli Tangan Cash,4650000000,Voluptatibus reiciendis provident. Facere consequatur consectetur totam accusantium occaecati earum. Deserunt debitis vitae ex.,15,2022-11-10 21:21:08
316,361,Oli Siap Interior Full Tahun Tangan Kilometer Baru,276000000,Exercitationem quibusdam enim atque. Aut modi impedit error omnis. Earum nisi dolorem dolore a alias illo.,12,2023-06-13 08:41:39
317,7,Negotiable Oli Jarak Bukan rental Ban Nego Kondisi Interior Dp Original,2575000000,Pariatur blanditiis at quas. Occaecati provident illo recusandae itaque.,84,2022-12-08 02:35:33
318,7,Interior Mulus Full Velg Cat Cicilan Bukan rental,1500000000,Aliquam asperiores impedit. Eius iusto ad tempora aut blanditiis maiores. Vitae facere culpa ducimus culpa quis sint.,170,2023-04-14 06:00:58
319,181,Nego Mulus Kilometer Pakai Cash Ban Baru Stnk Negotiable,215000000,Dolor et incidunt inventore magnam nisi possimus ipsam. Cum sunt nobis repudiandae. Libero molestias non accusamus quaerat cum vitae.,114,2022-10-13 18:47:14
320,307,Mobil Cicilan Cash Langsung Velg Ban,155000000,Aliquid ex sequi. Ipsa tempore doloremque atque quidem sapiente.,110,2023-04-29 15:37:41
321,346,Cash Velg Kilometer Surat Negotiable Pribadi Eksterior Dokumen Mulus Jarak,860000000,Id non nesciunt vel perferendis illum et. Dolor eos necessitatibus ipsum reprehenderit.,194,2023-03-24 14:28:59
322,393,Murah Full Asli Kendaraan Tahun Jual Stnk Cash Bekas,2150000000,Ex nostrum suscipit culpa atque deserunt nemo. Vitae alias nemo corporis eveniet perspiciatis.,51,2022-12-01 15:28:59
323,366,Nego Kredit Siap Harga Cicilan Ban Pemakaian Full Negotiable,260000000,Iste fugit hic accusantium amet. Veniam sapiente iste ab provident beatae.,19,2023-06-20 05:37:29
324,18,Negotiable Terawat Kendaraan Jarak Berkualitas,139000000,Blanditiis asperiores explicabo inventore amet. Laborum quod dolor odio provident. Quas deserunt dolor quidem voluptatem iure eius. Eum aspernatur eligendi ex fugit suscipit.,49,2022-11-14 17:12:14
325,342,Tahun Kredit Berkualitas Cicilan Stnk Bekas Jual Warna Kondisi,190000000,Sequi libero quis aliquam quod velit magnam occaecati. Minima veniam sed neque eius ipsum.,86,2023-03-06 21:58:37
326,65,Bekas Km Oli Interior Terjamin Velg Siap,2750000000,Sint mollitia aspernatur sunt ratione nobis. Sequi illo accusamus ipsam voluptatibus dolore quaerat. Consectetur eaque quas sed ullam quibusdam.,152,2022-11-19 10:47:40
327,283,Cash Langsung Surat Berkualitas Bekas Siap Stnk Mulus,95000,Odit laborum deleniti mollitia. Vel voluptas nesciunt cum commodi. Modi numquam sapiente temporibus porro.,89,2023-05-07 13:26:39
328,45,Service Pemakaian Pribadi Pajak Eksterior Stnk,450000000,Debitis voluptatum accusantium natus ex iusto.,10,2023-04-26 08:41:54
329,275,Mobil Nopol Kilometer Velg Kredit Jarang Tangan Terawat Warna,1845000000,Dolor unde incidunt vitae sequi voluptas. Voluptate rerum in repudiandae sed. Amet et adipisci maiores iusto dolorum quisquam.,151,2023-02-01 05:55:30
330,169,Pribadi Cash Cat Cicilan Full Terawat Mulus,1625000000,Suscipit deleniti corporis nemo commodi ab. Necessitatibus quibusdam non provident.,87,2023-01-29 05:30:22
331,272,Velg Baru Jual Terawat Asli Pemakaian Dp Murah Terjamin Langsung,155000000,Reiciendis eum ullam tempore deserunt unde facilis. Non ratione eius.,187,2022-10-21 06:45:17
332,346,Kondisi Berkualitas Original Jual Jarang Kredit Pemakaian Langsung,775000000,Totam dolor et quos molestias odit.,155,2022-12-25 06:25:08
333,204,Pajak Harga Dp Ban Cat,650000000,Tempore nihil numquam. Reiciendis expedita quisquam odit officiis repudiandae velit.,166,2023-01-12 14:39:35
334,190,Original Harga Bekas Mesin Pajak,125000000,Enim corporis consectetur optio officia. Itaque libero ad nihil quibusdam excepturi magni sapiente. Earum sunt ad eligendi dolores quae ea.,59,2022-08-30 05:41:58
335,19,Full Pajak Tahun Langsung Dokumen Eksterior Mobil,242000000,Autem molestias laudantium dolore corporis id molestias ex.,176,2022-10-23 15:55:36
336,353,Tahun Stnk Jarang Pemakaian Eksterior Negotiable Jual Nego,127000000,At repellendus nihil quia repellat in. Quia architecto eius aliquid porro. Nam ipsum quasi quae.,45,2023-03-24 06:19:47
337,37,Tahun Terjamin Ban Pemakaian Dp,1980000000,Architecto iusto veniam dolorum iusto. Dolores aspernatur enim sunt modi natus. Iste cumque magnam quaerat excepturi veritatis maiores.,194,2022-09-14 03:40:27
338,283,Dp Interior Jual Nopol Cat Pemakaian Cash Kilometer Nego,365000000,Eum asperiores minus eius. Eaque excepturi molestiae vero optio et. Sed error pariatur voluptatum hic veniam.,53,2023-02-15 15:42:10
339,223,Cash Nopol Jarak Kendaraan Warna Harga Siap Service,110000000,Iure incidunt nemo recusandae assumenda. Nobis nesciunt similique eligendi quasi perferendis mollitia magnam.,164,2023-05-13 21:22:01
340,218,Mesin Negotiable Terjamin Ban Cat Jarang Kilometer Berkualitas,910000000,Est expedita voluptatem est.,56,2023-05-09 05:03:38
341,376,Mesin Nopol Negotiable Dokumen Service Pajak Pemakaian Ban Harga,135000000,Necessitatibus et ex non tempore ipsam totam. Provident ut cumque optio labore laboriosam. Eius repudiandae illo veniam eveniet.,54,2023-06-06 10:43:12
342,78,Kilometer Kredit Pribadi Asli Bukan rental Bekas Warna Stnk,127000000,Nesciunt voluptatem vel culpa deleniti aliquid eveniet. Dolorum ducimus voluptatem aliquam animi assumenda voluptates. Nemo rem incidunt facilis consectetur. Eaque molestias facilis alias laborum consequatur.,192,2022-10-17 20:42:53
343,364,Cat Baru Langsung Mobil Kredit Murah Cicilan Velg Asli Service,147500000,Natus reiciendis possimus repudiandae maiores quaerat. Id dolorum aut mollitia voluptates ipsa. Consequuntur explicabo nostrum omnis hic.,45,2023-06-09 14:55:21
344,175,Pakai Full Harga Service Bukan rental Jarak Kendaraan Kilometer Mobil Langsung,245000000,Debitis eligendi aliquid voluptates quaerat. Maxime omnis fugit iste.,175,2023-02-16 10:27:51
345,143,Kondisi Baru Cat Bekas Warna,276000000,Sunt iusto enim atque eveniet. Distinctio exercitationem autem impedit.,75,2023-05-06 01:37:50
346,204,Km Jarang Dokumen Pribadi Mulus Kondisi,200000000,Vel iste debitis perspiciatis officia nam. Ad eum atque commodi cupiditate soluta vitae porro. Nulla totam ut qui.,20,2023-05-12 18:04:41
347,173,Langsung Kilometer Velg Bekas Bukan rental,1500000000,Ratione beatae temporibus suscipit nobis. Illum dolor facilis corrupti itaque natus iusto.,191,2023-06-05 12:15:50
348,252,Full Berkualitas Km Harga Stnk Pribadi Surat Baru Nopol Kilometer,1980000000,At unde perferendis dolore rem aliquam. Praesentium odit nemo recusandae deserunt quasi. Tempore in facere odio autem blanditiis harum eius.,194,2022-12-26 00:56:13
349,55,Original Kilometer Nopol Baru Nego Cicilan Terjamin,650000000,Illo molestias exercitationem aliquid expedita sit. Sint ipsa repudiandae dolor nobis. Fugit doloremque consequuntur dolore quaerat hic alias.,80,2023-04-04 18:52:38
350,369,Nopol Jarang Ban Baru Siap,127000000,Voluptates in veritatis repellendus omnis. Dignissimos nihil a molestiae cum saepe.,45,2023-01-28 17:16:14
351,114,Kilometer Kondisi Bekas Cat Berkualitas Mulus Bukan rental Full,135000000,Officia tempore accusantium assumenda. Quae optio quod. Unde blanditiis dignissimos repellat quos dolores.,172,2022-11-09 00:59:59
352,327,Interior Eksterior Langsung Pemakaian Jual,155000000,Dignissimos aliquid id. Laborum pariatur aspernatur minus culpa quisquam. Aliquid saepe ex ad beatae fugiat.,187,2022-10-31 20:05:01
353,322,Jual Negotiable Pakai Mulus Mesin Km Tahun,225000000,Fugiat nemo repellat ipsam odio autem. Minima maxime impedit. Dicta esse excepturi.,165,2023-03-07 04:14:57
354,261,Bekas Mesin Mulus Velg Pajak Kendaraan,245000000,Sequi iste facilis ipsam minus iure esse doloribus.,35,2023-02-22 17:16:33
355,192,Bekas Mesin Mobil Cat Pakai Nego Baru,600000000,Illo quae nobis doloribus officiis quisquam veritatis. Laboriosam a pariatur incidunt sunt aliquam explicabo. Quo sequi praesentium.,46,2023-03-29 08:37:19
356,371,Surat Ban Harga Nopol Terjamin Stnk,112000,Dolor nesciunt similique beatae excepturi suscipit. Incidunt molestiae perspiciatis recusandae qui debitis quam.,17,2023-04-19 07:10:14
357,86,Eksterior Baru Siap Cash Surat Full Tangan Pajak Nego Mesin,4650000000,Hic vitae maiores amet ipsum quo. Est magnam necessitatibus error reiciendis. A provident laborum pariatur.,22,2022-12-15 14:01:24
358,274,Velg Siap Pajak Bekas Interior Negotiable Jual Pribadi Kendaraan,910000000,Tempora qui doloribus ut. Atque incidunt nemo rerum possimus nobis.,7,2023-02-01 17:32:29
359,93,Stnk Cat Pemakaian Jual Cicilan Service Pribadi,520000000,Repudiandae exercitationem incidunt odit sapiente ipsam saepe. Eligendi delectus voluptas. Voluptatem harum ratione vel consequatur.,9,2023-05-14 11:46:31
360,47,Surat Pribadi Terjamin Harga Baru Warna Berkualitas,365000000,Sint sapiente delectus maxime magnam dolor enim. Mollitia ducimus ducimus accusamus. Est tempora error laudantium excepturi fugit suscipit.,171,2023-04-28 18:52:31
361,142,Mesin Tangan Baru Harga Berkualitas Ban Cat,1845000000,Qui nulla reiciendis enim ullam nobis voluptatibus sed. Vel iusto temporibus illum ut eum.,151,2023-01-20 15:08:09
362,231,Kondisi Jarang Murah Dp Original,1745000000,Libero minus dignissimos magni. Quisquam deserunt deserunt sequi inventore error. Voluptate error laudantium id tempore nulla nobis veniam.,104,2022-12-05 03:40:49
363,179,Dokumen Terjamin Warna Service Eksterior Bekas Pajak Cat,679000000,Similique soluta suscipit necessitatibus possimus labore eius. Accusantium commodi sequi cupiditate quaerat eius tenetur molestiae. Iste qui neque eaque quas ducimus eos.,27,2023-06-06 13:16:52
364,307,Pemakaian Warna Negotiable Pajak Velg Original Cicilan Berkualitas,254000000,Rerum a animi at blanditiis recusandae. Accusamus voluptates quia nesciunt asperiores amet.,103,2022-12-08 04:33:53
365,200,Jarak Dokumen Stnk Ban Pakai Nopol Cicilan,155000000,Provident vitae tempore nesciunt. Labore accusamus harum soluta soluta officia molestias.,34,2023-01-18 08:19:39
366,318,Nego Jarak Cat Kendaraan Terawat Harga Warna Original,200000000,Voluptatem corporis recusandae omnis odio libero nulla. Illo commodi enim odit optio in eaque.,176,2023-04-10 02:56:29
367,7,Cat Asli Jual Full Dp Kilometer Eksterior,130000000,Beatae repellat sequi earum maiores consequatur. Ipsam exercitationem accusamus eum quas culpa minima. Laborum culpa aperiam dignissimos vel tenetur. Iste aspernatur provident.,40,2023-01-04 18:15:08
368,7,Berkualitas Nego Harga Tangan Terawat Pemakaian,225000000,Quos earum laboriosam quo recusandae dicta. Delectus ipsa nulla quo reprehenderit voluptatibus provident.,185,2023-03-27 12:45:51
369,116,Stnk Langsung Tahun Siap Jarang Oli Warna Kondisi,154000000,Tempore quasi error aut incidunt eaque deserunt est. Necessitatibus rem saepe similique.,102,2023-02-12 22:18:57
370,263,Pajak Tangan Nopol Mesin Murah Tahun Bekas,135000000,Saepe voluptates laboriosam commodi doloribus at. Temporibus alias officia debitis eveniet.,182,2022-11-23 10:34:45
371,216,Full Mobil Stnk Siap Pemakaian Surat Service Ban Langsung Pakai,276000000,Amet animi esse quam impedit minima voluptates. Inventore officia aspernatur sapiente adipisci quisquam ea.,138,2023-04-08 11:39:40
372,93,Cat Jarak Warna Pajak Dokumen,1845000000,In qui velit. Molestiae ducimus atque ipsam dicta totam. Mollitia unde eos voluptates libero magni eaque.,151,2023-07-04 05:22:02
373,100,Terjamin Eksterior Dokumen Murah Velg Cat Mesin,1450000000,Eius laudantium temporibus impedit. Officiis sapiente minima voluptatum excepturi iusto. Similique deserunt similique provident et.,30,2022-09-29 22:37:35
374,204,Dp Murah Warna Service Terjamin Mesin Km Pajak Baru,225000000,Soluta numquam aperiam explicabo laboriosam. Consequuntur neque sint officiis facere.,165,2023-02-10 00:40:56
375,110,Negotiable Cat Stnk Dokumen Dp Nopol Terawat Bekas,500000000,Sunt animi consectetur iusto unde at consectetur velit. Porro aliquam harum iusto consequatur omnis.,181,2023-01-13 10:58:16
376,332,Mulus Surat Pakai Velg Jarak Stnk,110000000,Perspiciatis laudantium accusamus voluptate porro iste. Eos voluptatum recusandae distinctio culpa. Ut asperiores ea quo ipsam. Optio quidem maxime porro.,61,2022-12-16 09:41:01
377,30,Oli Tangan Bekas Surat Interior Eksterior Stnk Mesin Baru,450000000,Labore iusto qui. A ipsa quam et eveniet. A perferendis dolorem corporis praesentium esse. Aliquam fuga perferendis mollitia tempora corrupti.,196,2023-03-07 15:52:37
378,321,Terawat Pajak Cicilan Cash Murah Pakai Nopol Siap Tahun Service,159000000,Eaque nam praesentium error. Corrupti tempora corrupti. Maiores dicta excepturi a corrupti aliquam enim.,43,2023-02-08 04:54:43
379,348,Jarak Tahun Kondisi Ban Kendaraan,155000000,Est repellat deserunt iure illo officia. Pariatur molestias esse eligendi unde quam et. Consectetur porro vero maxime recusandae veritatis. Totam dicta occaecati.,14,2023-04-30 19:37:42
380,305,Kendaraan Pribadi Interior Berkualitas Cicilan Pakai Negotiable,228000000,Saepe beatae facilis eos. Officia culpa non.,103,2023-01-02 08:52:27
381,331,Surat Langsung Stnk Ban Kondisi Pemakaian Tahun Bukan rental Negotiable Eksterior,625000,Sunt maxime earum minus expedita libero doloremque. Beatae recusandae suscipit quam atque suscipit.,161,2023-02-18 09:37:10
382,2,Pajak Interior Pribadi Pemakaian Jual Kendaraan Cicilan,600000000,Ducimus cum in amet fugit minus. Consequuntur repellat modi nostrum.,166,2022-12-21 12:00:28
383,268,Dokumen Eksterior Cash Mulus Jarak Full Nego,230000000,Tempore commodi est quae atque repellendus. Ipsum quod magnam velit rem iste.,35,2022-10-01 13:30:17
384,380,Terawat Dp Asli Velg Tangan Nego Pribadi Negotiable Warna,1350000000,Est accusantium nihil molestias consectetur possimus repellat deserunt. Quis quae corrupti unde cupiditate. Neque deleniti quis enim et consectetur perspiciatis amet.,29,2023-05-17 07:31:22
385,150,Siap Interior Oli Stnk Service Negotiable,975000000,Molestias ut rem earum mollitia veritatis sint. Quo at suscipit odit odit id ea.,37,2023-01-12 18:26:50
386,168,Cicilan Tahun Berkualitas Negotiable Pajak Pemakaian Pakai,260000000,Itaque nemo accusantium inventore ipsum quia. Magnam maiores inventore sapiente necessitatibus odio facere.,19,2023-01-25 06:06:19
387,384,Pemakaian Surat Eksterior Mobil Kredit Berkualitas Nopol,167000000,Laudantium nam omnis consectetur odit assumenda. Laborum perferendis alias dolorem recusandae quos quia.,11,2022-12-15 07:53:11
388,394,Pribadi Baru Velg Surat Stnk Langsung,112000,Temporibus est dolores dolorum voluptate. Aspernatur consequuntur ab officiis odit.,133,2023-02-25 17:14:42
389,333,Ban Bukan rental Oli Km Terjamin Tangan Pemakaian,135000000,Sunt doloremque eum provident asperiores. Quidem quidem molestias vel nobis rem. Dicta rem esse saepe labore a consectetur.,172,2023-04-13 02:18:14
390,197,Kendaraan Pribadi Terjamin Cat Bukan rental Kilometer,1450000000,Nisi officiis similique voluptatem. Assumenda voluptates occaecati.,188,2023-05-27 03:48:06
391,79,Surat Oli Murah Siap Kredit Km Nopol Stnk Velg Baru,190000000,Tempore harum temporibus. Adipisci doloremque odio commodi. Laborum eaque facere ducimus voluptatibus.,86,2022-12-29 05:19:58
392,101,Bekas Cicilan Cash Kredit Stnk Pemakaian Berkualitas Bukan rental Harga Terawat,775000000,Ad aliquam porro. Officiis quia reiciendis. Expedita est eveniet labore. Quia impedit esse deleniti expedita voluptas.,27,2023-04-07 20:23:28
393,38,Langsung Surat Harga Pribadi Pakai,135000000,Nisi voluptatum quis amet perspiciatis voluptatibus. Reiciendis impedit cumque commodi.,172,2023-01-12 04:48:52
394,144,Nego Baru Stnk Negotiable Jarang Jarak Cat Kondisi Velg,130000000,Fugiat rem animi deleniti voluptatum nemo eum. Saepe ut ex eum.,40,2023-03-09 18:00:59
395,65,Siap Kendaraan Cash Service Langsung Interior Asli Cat Murah Cicilan,253000000,Facilis modi accusantium pariatur provident occaecati fugiat autem. Illo ex culpa dicta minima.,63,2023-01-21 07:27:49
396,221,Terawat Bukan rental Pakai Dokumen Dp Pemakaian Nego Cat Warna,130000000,Veniam eaque nobis nesciunt. Modi exercitationem labore officiis veritatis architecto quaerat. Unde nam nihil dolorum dolorem modi nostrum.,52,2023-01-24 09:15:29
397,60,Oli Bekas Kilometer Km Langsung,775000000,Quasi sapiente modi consectetur consequuntur. Inventore autem maxime.,48,2023-01-24 02:33:33
398,216,Kendaraan Km Original Pakai Negotiable Asli,1700000000,Beatae possimus quis vitae fugit. Odio inventore quibusdam voluptatem.,170,2023-04-17 09:22:03
399,296,Velg Pribadi Kilometer Pajak Negotiable Kondisi Tangan,230000000,Cupiditate repellat ex debitis reiciendis praesentium quisquam repellat. Optio praesentium necessitatibus architecto ipsum voluptas.,150,2022-11-04 16:49:46
400,301,Full Cash Nego Mobil Berkualitas Oli Mulus Jual Negotiable,590000000,Provident occaecati libero optio magni dolorem. Aspernatur dignissimos ullam distinctio.,145,2023-04-21 19:05:13
401,376,Pakai Nopol Jual Negotiable Murah Pemakaian Tangan,325000000,Ex non mollitia placeat. Deserunt nobis aperiam tenetur et dolore.,3,2022-11-30 19:08:40
402,230,Kendaraan Eksterior Tahun Full Original,155000000,Nihil perspiciatis dolorum esse iure dolorem nisi. Earum natus error reprehenderit quo nobis reiciendis laudantium.,172,2023-05-14 09:48:55
403,122,Cicilan Jarak Kondisi Nego Asli Ban Terawat Siap,550000000,Unde asperiores porro occaecati illum. Labore repellendus voluptates consequatur.,80,2022-11-06 11:20:49
404,332,Jarak Tangan Pajak Pakai Murah Stnk,225000000,Architecto ipsum adipisci quo molestiae a perspiciatis. Exercitationem et saepe. Est accusamus consequuntur numquam.,173,2022-08-27 03:46:54
405,6,Dp Ban Dokumen Eksterior Kredit Murah Km,276000000,Asperiores ea distinctio. Accusantium natus ipsa autem saepe magnam consequatur. Nemo ex repudiandae delectus mollitia similique illo.,103,2023-03-15 00:32:26
406,251,Warna Kendaraan Pakai Original Murah Eksterior Cash Asli Kilometer,285000000,Esse a possimus eligendi.,2,2023-04-13 19:21:39
407,196,Tangan Kendaraan Kondisi Siap Mulus Kilometer,2190000000,Maiores cumque qui maiores nostrum. Laboriosam maxime perferendis eum sequi. Veritatis eos ratione magnam sint animi velit quam.,84,2023-05-08 22:23:33
408,167,Harga Service Pajak Eksterior Cash,285000000,Earum mollitia fugiat illum illo. Molestiae architecto quasi commodi.,60,2023-05-16 19:53:18
409,19,Terjamin Cicilan Pribadi Nego Mobil Interior Velg,380000000,Ad eum asperiores aliquam molestiae expedita. Delectus vero cupiditate quasi officiis a. Esse quod asperiores error ab hic corporis. Vero similique facere praesentium cum ipsa ab sit.,10,2022-11-08 13:56:28
410,116,Jarang Kilometer Cash Terjamin Mobil Dokumen Harga Pajak,159000000,Voluptas perferendis dolorum nostrum. Tenetur reprehenderit id quis eius repellat blanditiis. Delectus ex magnam ullam dolorum ratione.,118,2022-08-30 20:49:16
411,213,Harga Bukan rental Terawat Kilometer Bekas,625000,Nulla accusamus in.,161,2023-01-13 10:03:54
412,130,Bekas Full Kendaraan Pajak Pakai,1845000000,Quae beatae praesentium dignissimos velit. Beatae accusamus placeat. Distinctio quod accusantium commodi excepturi.,151,2023-03-01 21:15:39
413,70,Baru Pemakaian Mesin Oli Pajak Asli Warna Original,130000000,Sint odio suscipit nesciunt provident rem accusamus fugiat. Voluptates distinctio reprehenderit sit qui incidunt.,54,2022-12-24 14:23:47
414,268,Terjamin Pemakaian Kredit Pakai Cicilan Stnk Jarang Asli Km Jarak,470000000,Quo ut facilis aspernatur quod at. Culpa officia similique atque doloribus quisquam molestiae. Excepturi fugiat corrupti dolores consequuntur quisquam. Dolorem deleniti accusantium voluptas molestiae delectus.,53,2022-12-05 13:05:11
415,43,Pribadi Stnk Cash Langsung Full Dokumen Original Jarak,1500000000,Culpa amet ullam sequi dolor hic.,69,2022-10-30 19:03:39
416,198,Oli Velg Baru Ban Jarak Terawat Murah Tahun Kilometer Bekas,130000000,Tenetur illo inventore at. Molestias odit repellendus.,14,2022-11-19 12:00:06
417,78,Km Eksterior Berkualitas Jarang Kendaraan Pakai Nego Terawat,123000000,Mollitia velit ipsam labore. Error nam quidem voluptatum.,76,2023-01-25 17:51:17
418,216,Jarak Warna Velg Interior Negotiable Cicilan Surat,212500000,Quis reprehenderit nihil quo. Qui nihil totam maxime itaque.,125,2023-01-17 12:00:48
419,280,Baru Surat Kredit Full Mesin Service Velg Langsung,130000000,Aspernatur inventore fugit a reprehenderit provident iste placeat. Molestiae possimus quasi ducimus possimus.,40,2023-06-02 18:41:46
420,387,Mesin Interior Baru Kilometer Jarak Stnk,147500000,Autem ad assumenda sint qui. Nam nam commodi maxime aperiam atque. Illum voluptate nam nemo deserunt.,164,2023-05-13 23:53:42
421,356,Harga Dokumen Eksterior Kilometer Jarak Asli,600000000,Quos eum laudantium quis. Deserunt dolor cumque dolorem. Quibusdam fuga quam et. Iure doloremque placeat officia ipsum molestias.,122,2022-11-08 16:27:39
422,11,Pemakaian Warna Kondisi Terjamin Langsung Cash Nego Baru Asli,4000000000,Impedit laudantium quisquam quam voluptates. Totam fugiat dignissimos.,178,2023-05-22 19:02:00
423,135,Nego Velg Negotiable Terawat Cicilan Pemakaian,276000000,Perferendis esse doloribus distinctio numquam autem unde. Quae necessitatibus nobis.,177,2023-03-10 23:41:37
424,337,Jual Kendaraan Berkualitas Cash Stnk Pakai Cicilan Full Pemakaian Warna,100000000,Sed pariatur molestias officia voluptatum. Deleniti incidunt dolorum reiciendis. Harum minus ut veniam error asperiores nam.,44,2023-01-05 11:02:30
425,305,Jarak Nopol Kondisi Velg Kredit Bekas Jarang Dp Pakai Mobil,147500000,Sapiente illum dolorum quam voluptatem dignissimos. Optio pariatur mollitia nobis. Facere nihil quidem.,135,2023-02-21 21:07:41
426,156,Stnk Jarak Asli Cash Ban Interior Cat Terawat,130000000,Totam beatae numquam quae officia sint dignissimos. Totam voluptatum error occaecati hic ex.,198,2023-07-08 16:42:42
427,299,Oli Stnk Tangan Dp Km Terjamin Pribadi,679000000,Hic corrupti cumque voluptatum veritatis. Ea repellendus pariatur reiciendis sed atque. Voluptatibus harum animi officia.,155,2023-02-21 03:36:51
428,342,Tahun Mulus Berkualitas Cat Cicilan Service,190000000,Aliquam similique harum. In ipsam tempore nobis quis. Dolorum atque esse ab aliquid doloremque eius.,86,2023-07-11 02:34:51
429,111,Stnk Mobil Terjamin Jarang Pakai Service,159000000,Tempore in ad ut dignissimos aperiam. Eaque enim veniam culpa maiores natus. Iste cum laboriosam dolores cum.,43,2023-03-11 11:44:17
430,26,Eksterior Langsung Bekas Siap Pakai Mulus Dokumen Nego Jarak,95000,Tempore atque enim blanditiis nobis reprehenderit quidem. Ipsa quibusdam officiis voluptatum facere est esse odit.,89,2023-03-16 15:15:38
431,92,Kilometer Mobil Bukan rental Pemakaian Negotiable Murah Baru Surat Kendaraan Interior,125000000,Harum ipsam aliquid veniam placeat mollitia. Similique ab id.,59,2023-01-30 04:19:18
432,352,Bekas Kendaraan Pemakaian Murah Service Stnk Harga Mesin Pribadi,230000000,Hic ipsum alias. Neque non fugiat alias necessitatibus. Dolorum quam dolorem aliquid facere.,39,2022-08-12 13:36:21
433,122,Interior Siap Kilometer Surat Ban Original Velg Baru Jarang,215000000,Quod atque ea.,36,2023-03-07 22:14:11
434,374,Pemakaian Full Stnk Pribadi Kilometer Kendaraan Tahun Pajak Eksterior Oli,1100000000,Doloribus doloribus voluptates minima impedit tempora dicta. Incidunt dicta maxime nam. Inventore impedit esse dolor nisi commodi. Placeat quibusdam assumenda pariatur illum ducimus optio.,7,2022-11-15 18:29:23
435,336,Pakai Terjamin Mulus Cash Jarak Pribadi Negotiable Jarang Nego Warna,285000000,Corporis vitae assumenda dolore. Adipisci quae autem suscipit a quo repudiandae. Expedita consectetur ipsam aliquam.,58,2022-11-22 01:04:02
436,143,Bekas Dp Bukan rental Dokumen Terawat Interior Kondisi Berkualitas,230000000,Voluptatum asperiores doloribus soluta blanditiis. Labore quasi quam cupiditate nisi libero voluptas. Consequuntur nemo praesentium dolore atque.,184,2022-12-10 00:15:55
437,221,Full Negotiable Terjamin Service Kendaraan,127000000,Iure quae sapiente consequatur corporis. Sequi fugiat quisquam nam quia eligendi. Quasi impedit odio magnam autem.,45,2023-02-18 03:55:08
438,319,Nego Surat Original Dokumen Pakai Tangan,245000000,Rem iure quisquam voluptates saepe. Tempora minima dolor quo. Hic natus eius totam minima. Iste eos soluta ipsa.,94,2023-02-22 23:30:38
439,272,Mobil Cash Mesin Tahun Oli Jarang Dp,850000000,Saepe laboriosam deleniti id. Possimus aut praesentium neque minima quas a.,56,2023-06-25 17:16:28
440,98,Cicilan Velg Kilometer Terjamin Stnk Oli Warna Service,146000000,Quas facere at. Deserunt suscipit et consequuntur illo similique amet. Soluta itaque repellat dignissimos voluptates ducimus.,57,2023-04-15 09:13:21
441,76,Service Kilometer Bekas Warna Tangan Cat Nopol,159000000,Aliquid impedit quidem expedita. Natus mollitia adipisci quaerat blanditiis minus. Corporis cumque harum aliquid delectus.,43,2023-01-16 17:30:52
442,189,Asli Surat Pemakaian Oli Cicilan Mesin Pakai Stnk Jarak Murah,125000000,Rerum nisi aspernatur dolores ut. Dolorem fuga tempore tenetur tempore blanditiis.,71,2022-11-22 17:28:35
443,147,Pajak Pemakaian Kredit Nego Oli Dokumen Tangan,95000,Error consequuntur omnis dolorem quidem ducimus impedit. Provident beatae nemo laborum vitae unde.,25,2023-01-13 05:02:48
444,74,Service Jual Kondisi Langsung Bukan rental Km Surat Terawat Warna Dokumen,5800000000,Velit quia exercitationem excepturi. Sunt eius ratione optio modi iusto. Expedita odio deserunt veniam iure nostrum.,15,2023-04-09 22:10:26
445,340,Dp Surat Mulus Kondisi Kendaraan Pajak Mesin Kilometer,1980000000,Eveniet sapiente possimus. Voluptates dolores mollitia maxime reprehenderit quibusdam. Sunt nemo quis cupiditate dolores sunt voluptatem.,97,2023-02-14 00:49:02
446,271,Kendaraan Km Baru Stnk Tangan Murah Kondisi Cicilan Jual Pribadi,123000000,Excepturi quae porro optio dolore eveniet nobis. Dolorem dolore nulla aliquam. Earum iste eligendi necessitatibus nihil consequuntur. Maxime molestias illum sit velit illum distinctio.,76,2023-05-24 17:19:50
447,353,Asli Baru Langsung Nopol Cicilan Surat,127000000,Quam eaque quos beatae.,192,2022-10-21 17:31:31
448,361,Service Mesin Cicilan Terawat Jarak Pakai Cash Kredit,398000000,Tenetur molestiae nemo reiciendis ad. Vel ducimus expedita eum laboriosam rem ratione labore.,53,2023-04-24 09:53:22
449,262,Bekas Kondisi Pakai Dp Tahun Mulus Siap Velg Kilometer,1700000000,Mollitia ad ratione consectetur nisi aliquam minus. Velit officia error molestias nihil vero. Consequatur nobis architecto.,69,2022-10-09 00:40:54
450,224,Warna Kondisi Nopol Terjamin Oli Jarak Nego Terawat Berkualitas,899000000,Dolore fugiat dolorum velit debitis eum.,200,2022-12-05 17:40:29
451,286,Mulus Kilometer Kondisi Baru Cat Harga Stnk Terjamin,450000000,Non necessitatibus tenetur consequuntur saepe impedit. Adipisci dicta assumenda explicabo. Natus accusamus iure culpa a aspernatur. Molestiae autem reiciendis assumenda provident.,174,2023-05-09 19:54:13
452,184,Siap Baru Cat Mulus Harga Jarang Pribadi Pemakaian Nego,230000000,Ipsum qui numquam quo. Placeat laudantium ullam voluptatibus.,107,2023-01-11 01:32:09
453,179,Mobil Bekas Km Berkualitas Kilometer Cicilan Siap Baru,123000000,Adipisci accusantium repellendus vitae aperiam architecto. Atque ex odio maiores provident.,134,2023-04-18 00:09:02
454,174,Berkualitas Jarang Kredit Km Interior Dokumen Jarak Cicilan,825000000,Recusandae vitae error doloribus. Autem perferendis ea impedit iusto. Ipsam nam quae enim.,155,2022-12-22 05:08:08
455,240,Eksterior Berkualitas Oli Cash Stnk Pajak Pribadi Dp Siap,155000000,Magnam est debitis sint beatae sapiente veritatis voluptatibus. Veniam eum eaque voluptatum provident facilis porro.,132,2023-02-24 23:09:17
456,343,Murah Velg Full Cash Original Cat Km Terjamin Tahun Jarak,1845000000,Est provident a perspiciatis ratione natus. Cumque molestias ipsam tempora ducimus.,106,2023-06-27 15:45:36
457,138,Murah Full Kredit Tangan Dokumen Eksterior Cash Jarang Dp Pakai,110000000,Provident esse hic cum consequatur. Voluptates iste sapiente dolorum necessitatibus ex. Rem reprehenderit soluta explicabo aut officia.,148,2023-02-05 05:09:56
458,234,Full Cash Asli Negotiable Kondisi,285000000,Necessitatibus incidunt omnis beatae deserunt quod totam. Id nesciunt occaecati officia quaerat natus ipsa magnam. Adipisci similique dolore inventore amet.,58,2022-11-19 13:36:36
459,142,Negotiable Bekas Kilometer Mulus Mobil Baru Pribadi Velg Jual,1450000000,Dicta sed laudantium nesciunt. Enim accusamus veritatis blanditiis excepturi.,104,2023-03-25 19:50:07
460,274,Kondisi Harga Warna Velg Eksterior Dp Surat Ban,320000000,Dolorum inventore maiores quaerat. Necessitatibus illum quisquam nobis ipsa.,112,2023-03-18 08:34:40
461,358,Mesin Cat Kondisi Service Jarak Surat Bekas Negotiable Eksterior Full,150000000,Molestiae maiores similique odit. Aliquam rem eveniet consequuntur animi nobis mollitia. Quam earum nulla iste.,52,2023-02-18 18:35:58
462,215,Bekas Oli Service Harga Jarang Nego Warna,355000000,Id occaecati blanditiis esse facere. Quos vitae nostrum distinctio quia quasi cum.,24,2023-01-13 06:09:58
463,24,Tangan Harga Surat Kendaraan Mobil,679000000,Aliquid saepe animi iusto.,27,2023-06-13 14:09:38
464,382,Tangan Harga Dp Cash Terjamin Pemakaian Nopol Pribadi Cicilan Jarang,5800000000,Molestias totam tempore et. Commodi id sed repellendus enim rerum.,15,2023-04-26 09:00:00
465,265,Pakai Mobil Dokumen Service Warna,325000000,Dicta expedita voluptas mollitia accusamus saepe nisi. Consectetur dolores quisquam suscipit. Maiores esse et autem cupiditate rerum. Perspiciatis dolor nisi facilis voluptates et.,105,2023-02-27 11:53:26
466,299,Bekas Mesin Jarak Jarang Warna Pajak Cash Baru,120000000,Omnis sapiente similique fugit reprehenderit. Maiores sunt quasi ea nam. Sequi nihil atque. Optio est minima.,11,2022-11-14 20:42:43
467,276,Bekas Mesin Kondisi Jarak Surat Terawat Pribadi Cat Km Jual,300000000,Et itaque ducimus. Rerum delectus nemo ab in atque beatae. Placeat suscipit impedit vel cum ad enim.,137,2023-02-01 00:51:56
468,360,Tangan Ban Pakai Harga Bekas Kredit Interior,675000000,Possimus rerum voluptas consectetur cupiditate rem quaerat. Non optio odio aliquam.,88,2022-09-04 08:08:09
469,275,Baru Terjamin Langsung Jual Terawat Berkualitas Jarang,860000000,Provident alias numquam ducimus quam. Pariatur quia doloremque pariatur dolore illum tempora nulla.,97,2023-04-09 05:00:47
470,292,Eksterior Pakai Cash Baru Tahun Bukan rental Interior Mobil Murah Ban,5800000000,Unde eum voluptas provident rem animi quaerat. Vitae corrupti perspiciatis velit culpa. Esse veritatis molestias adipisci eaque.,144,2022-11-05 18:52:49
471,317,Dokumen Mobil Ban Nego Km Tahun Bekas Langsung Mesin Original,910000000,Debitis repudiandae veniam. Sint eveniet eum soluta ut quam maiores.,7,2023-04-30 01:30:49
472,235,Kondisi Warna Kendaraan Harga Jual Terawat Mesin Cat Bekas,125000000,Ducimus mollitia doloremque vitae ullam. Blanditiis assumenda ratione. Ut dolorem porro.,62,2023-05-17 08:47:00
473,122,Eksterior Baru Dp Dokumen Full Murah Mesin Surat,228000000,Repellendus a voluptatum. Molestias omnis deserunt inventore reprehenderit labore voluptate.,103,2022-10-13 01:20:51
474,95,Warna Eksterior Asli Stnk Full Nego Original Dp,5800000000,Ea doloribus itaque quasi repudiandae illum molestiae.,22,2023-06-11 14:20:23
475,32,Stnk Baru Jual Pajak Pribadi Bekas Dokumen Jarak Kredit,1845000000,Consequuntur sint nostrum. Dicta voluptatibus quis tempora dignissimos.,151,2023-04-28 16:45:19
476,260,Baru Kendaraan Kilometer Pajak Eksterior Pakai Oli Harga Asli,485000000,Beatae ipsa sequi vel.,158,2022-12-07 22:59:16
477,180,Jarang Pajak Jual Dp Tangan,155000000,Quaerat qui maiores quod accusamus distinctio. Vel rem at id.,33,2023-06-03 19:28:00
478,10,Jarang Nopol Jarak Pakai Tahun Surat,180000000,Maiores expedita eveniet. Expedita minima placeat quo. Beatae quidem asperiores eum laudantium autem odit reiciendis.,147,2023-02-09 22:20:33
479,374,Pemakaian Ban Original Asli Cat Pribadi Pakai Negotiable Bukan rental,197000000,Consequuntur eveniet tempore animi occaecati omnis animi.,42,2022-11-20 09:53:32
480,227,Pajak Bukan rental Kendaraan Velg Cicilan Surat Oli Kondisi Terawat Jarak,155000000,Facilis voluptas labore. Incidunt mollitia nam veritatis.,50,2022-12-01 15:57:38
481,72,Asli Jual Pajak Velg Cash Bekas Jarang Mesin Terawat,276000000,Alias non sit non quis incidunt harum. Perspiciatis earum iusto.,77,2023-01-15 02:59:35
482,236,Velg Kilometer Harga Warna Mobil Jarak Kondisi Surat Mulus,253000000,Magnam incidunt at tempore occaecati illo occaecati earum. Quaerat aliquam non.,128,2023-01-09 07:32:27
483,353,Cat Siap Kondisi Ban Langsung Tahun Jarang Mulus,215000000,Consectetur sequi doloremque autem sed eligendi alias beatae.,68,2022-12-10 08:35:14
484,154,Pajak Km Kendaraan Full Dp Tahun Jarak Terawat,899000000,Facilis iste aspernatur iusto omnis. Maxime doloribus incidunt. Ullam cum qui nulla.,109,2023-02-10 07:56:31
485,398,Terjamin Tangan Cat Kendaraan Jual Asli Negotiable Cicilan Pajak,147500000,Culpa earum placeat accusamus. Exercitationem inventore qui.,164,2022-11-08 10:49:37
486,8,Tangan Harga Oli Interior Tahun Bukan rental Cash Jarak,1745000000,Cupiditate vitae reiciendis debitis. Dicta atque doloribus expedita. Voluptatum vitae rerum eveniet eaque placeat neque.,188,2022-12-05 14:22:55
487,122,Terjamin Dp Bukan rental Siap Pakai Kilometer Tangan Ban,147500000,Molestiae optio nostrum voluptate. Sed numquam natus magni.,192,2023-04-14 19:40:44
488,379,Cat Murah Mobil Cash Ban Berkualitas Bukan rental,100000000,Neque corrupti exercitationem qui. Unde atque repellat dolorem dignissimos adipisci fugit. Itaque doloremque mollitia ipsa sunt ex praesentium.,43,2022-12-27 18:08:03
489,16,Surat Oli Langsung Dp Mulus Nego Cicilan,398000000,Commodi consequatur dolorum dolore excepturi assumenda. Inventore quam ea laboriosam explicabo iusto. Voluptates reprehenderit dignissimos eaque.,53,2022-11-09 05:13:56
490,110,Berkualitas Terjamin Km Cicilan Mesin Service Oli,2190000000,Consequuntur nam iste dolorem reprehenderit aspernatur facere. Voluptates soluta in dolor doloribus.,91,2022-12-10 20:30:27
491,99,Velg Cicilan Pribadi Tangan Harga Stnk,130000000,Atque placeat ratione repellat vitae. Vitae dolorem doloribus laborum unde.,108,2023-04-21 15:30:46
492,36,Pribadi Siap Full Nego Pajak Dp Jual Jarak Mulus,139000000,Provident consequuntur asperiores placeat facilis saepe. Vel impedit blanditiis modi totam tempora assumenda.,139,2023-05-20 19:53:55
493,326,Surat Terawat Langsung Interior Mobil Service,130000000,Enim eligendi esse eius architecto quisquam. Maxime tempore id porro omnis sequi. Fugiat voluptatum quisquam voluptates ab.,185,2023-03-17 19:05:30
494,179,Cash Terawat Langsung Original Oli Asli Berkualitas,899000000,Sed praesentium ex dicta impedit dolores. Nemo in numquam velit animi recusandae voluptatem.,109,2023-01-18 06:57:33
495,135,Dp Original Pakai Velg Siap Cat Warna,625000,Recusandae maxime recusandae assumenda deserunt. Vero molestiae pariatur cumque itaque. Temporibus necessitatibus voluptatem at cumque aspernatur sunt.,117,2022-11-02 20:38:07
496,210,Pemakaian Terawat Baru Berkualitas Murah Siap Mesin Pajak Bekas,195000000,Perspiciatis ab fugit aperiam quasi. Pariatur itaque eligendi fugit assumenda reprehenderit.,147,2023-04-07 00:02:04
497,26,Langsung Siap Cicilan Jual Terawat,147500000,Itaque aut sit ratione aliquid quos consectetur. Qui perspiciatis cumque veritatis qui exercitationem. Corrupti quibusdam porro officiis recusandae excepturi suscipit.,197,2023-05-25 14:56:40
498,254,Cash Bekas Original Pakai Mobil Interior Nego Tahun,265000000,Voluptates quis voluptas. Nulla quaerat aperiam.,156,2022-12-30 06:23:12
499,147,Cicilan Eksterior Km Siap Oli Nego Interior Full Velg,200000000,Numquam quis officiis id sequi tenetur aliquid. Eaque sunt necessitatibus sed nostrum ut.,39,2023-03-23 05:22:01
500,315,Tangan Kondisi Interior Jarang Pakai,130000000,Iure placeat consectetur itaque. Voluptates eum neque fuga. Quia facilis dicta omnis facere atque.,49,2023-05-19 18:03:05
